"drug","method","selection","n_resistance_genes","n_sensitivity_genes","n_og_in_resistance","n_tsg_in_sensitivity","n_og_in_sensitivity","n_tsg_in_resistance","odds_ratio_og_resistance","odds_ratio_ha_og_resistance","p_og_resistance","odds_ratio_tsg_sensitivity","odds_ratio_ha_tsg_sensitivity","p_tsg_sensitivity","resistance_genes_found","sensitivity_genes_found","p_og_resistance_bh","p_tsg_sensitivity_bh"
"Tanespimycin","DSEN","freq50",8,12,0,0,1,0,0,8.33024244180431,1,0,5.59008103727715,1,"","AKT1",1,1
"Tanespimycin","EN","freq50",14,21,4,1,3,1,57.5335298201714,61.4967910625149,2.22874691433947e-06,7.01801305166692,10.2571088637716,0.138847868076884,"BCL2;KEAP1;LCK;MALT1;MYC","BRAF;KDR;STK11;WWTR1",5.36925392999964e-05,0.314484487524566
"VX-702","DSEN","freq50",1,2,0,0,1,0,0,47.2123700054735,1,0,27.9568881685575,1,"","FGFR2",1,1
"VX-702","EN","freq50",0,0,0,0,0,0,NA,141.64039408867,1,NA,139.790923824959,1,"","",1,1
"Motesanib","DSEN","freq50",0,1,0,0,1,0,NA,141.64039408867,1,0,46.5958941112912,1,"","WWTR1",1,1
"Motesanib","EN","freq50",0,0,0,0,0,0,NA,141.64039408867,1,NA,139.790923824959,1,"","",1,1
"KU-55933","DSEN","freq50",0,0,0,0,0,0,NA,141.64039408867,1,NA,139.790923824959,1,"","",1,1
"KU-55933","EN","freq50",0,0,0,0,0,0,NA,141.64039408867,1,NA,139.790923824959,1,"","",1,1
"Elesclomol","DSEN","freq50",37,19,5,1,1,1,22.5101881772281,24.3519969179402,5.89675453748123e-06,7.79970069355471,11.3665128543177,0.126497590610722,"ETV5;KIT;LCK;LRP1B;MAP2K1;SYK","TP53",0.00156263995243253,0.632487953053609
"Elesclomol","EN","freq50",30,12,4,0,0,2,22.0922472807307,24.3576115279565,5.58592228137158e-05,0,5.59008103727715,1,"APC;KIT;LCK;LRP1B;MAP2K1;SYK","",0.000616778918568112,1
"Afatinib","DSEN","freq50",2,4,0,0,1,0,0,28.3267651888342,1,0,15.5308842067351,1,"","ERBB2",1,1
"Afatinib","EN","freq50",0,7,0,0,2,0,NA,141.64039408867,1,0,9.31788222582388,1,"","EGFR;ERBB2",1,1
"Vismodegib","DSEN","freq50",2,3,0,0,0,0,0,28.3267651888342,1,0,19.9687427645288,1,"","",1,1
"Vismodegib","EN","freq50",0,0,0,0,0,0,NA,141.64039408867,1,NA,139.790923824959,1,"","",1,1
"PLX-4720","DSEN","freq50",10,6,1,1,2,0,15.8080635299606,22.4332784184514,0.0678357683674803,28.0886098655739,38.2443458980044,0.0418034352858845,"RAF1","ATM;BRAF;MAP2K1",0.242925386721382,0.299402982452956
"PLX-4720","EN","freq50",0,1,0,0,1,0,NA,141.64039408867,1,0,46.5958941112912,1,"","BRAF",1,1
"BX796","DSEN","freq50",21,6,1,1,1,1,7.11402487347701,10.3932575240085,0.137168546947223,28.0886098655739,38.2443458980044,0.0418034352858845,"CDH1;ERBB3","CDKN1A",0.403885166011268,0.299402982452956
"BX796","EN","freq50",22,15,2,1,0,1,14.2744499469027,17.3793590002016,0.0102839068410554,10.0281550872955,14.5034482758621,0.101264903087323,"CDH1;ERBB3;SGK1","BAX",0.0425818017637449,0.253162257718309
"NU7441","DSEN","freq50",0,0,0,0,0,0,NA,141.64039408867,1,NA,139.790923824959,1,"","",1,1
"NU7441","EN","freq50",0,0,0,0,0,0,NA,141.64039408867,1,NA,139.790923824959,1,"","",1,1
"SL0101","DSEN","freq50",0,0,0,0,0,0,NA,141.64039408867,1,NA,139.790923824959,1,"","",1,1
"SL0101","EN","freq50",0,0,0,0,0,0,NA,141.64039408867,1,NA,139.790923824959,1,"","",1,1
"Doramapimod","DSEN","freq50",0,0,0,0,0,0,NA,141.64039408867,1,NA,139.790923824959,1,"","",1,1
"Doramapimod","EN","freq50",0,0,0,0,0,0,NA,141.64039408867,1,NA,139.790923824959,1,"","",1,1
"JNK Inhibitor VIII","DSEN","freq50",3,3,0,0,1,0,0,20.2329345531316,1,0,19.9687427645288,1,"","WWTR1",1,1
"JNK Inhibitor VIII","EN","freq50",3,8,0,0,3,1,0,20.2329345531316,1,0,8.22147011154543,1,"PIK3R1","EGFR;KDR;WWTR1",1,1
"681640","DSEN","freq50",2,0,0,0,0,0,0,28.3267651888342,1,NA,139.790923824959,1,"","",1,1
"681640","EN","freq50",11,17,0,2,0,0,0,6.15670736060541,1,18.7767060526156,22.6861548176604,0.00635405760531421,"","FAT4;PRF1",1,0.0295407941299696
"Nutlin-3a (-)","DSEN","freq50",3,5,1,2,2,1,71.0990860703565,85.2602965403624,0.0208517083700367,94.0259992691488,100.495222558844,0.000494229607335599,"TP53","BAX;CDKN1A;MDM2",0.115118806626244,0.0163713557429917
"Nutlin-3a (-)","EN","freq50",2,2,1,1,0,1,141.798984214153,142.103789126853,0.0139497425329623,140.016396193431,140.242276422764,0.0141326386747607,"TP53","BAX",0.0535750981338408,0.0542775253450953
"PD173074","DSEN","freq50",0,0,0,0,0,0,NA,141.64039408867,1,NA,139.790923824959,1,"","",1,1
"PD173074","EN","freq50",1,2,0,0,1,0,0,47.2123700054735,1,0,27.9568881685575,1,"","FGFR2",1,1
"ZM447439","DSEN","freq50",13,8,0,0,0,0,0,5.24435930183057,1,0,8.22147011154543,1,"","",1,1
"ZM447439","EN","freq50",0,4,0,0,0,0,NA,141.64039408867,1,0,15.5308842067351,1,"","",1,1
"RO-3306","DSEN","freq50",2,2,0,1,0,0,0,28.3267651888342,1,140.016396193431,140.242276422764,0.0141326386747607,"","NRG1",1,0.1484117035507
"RO-3306","EN","freq50",1,3,0,1,1,0,0,47.2123700054735,1,70.1678740665494,84.1434146341463,0.0211241228056388,"","EGFR;NRG1",1,0.0736564808354511
"MK-2206","DSEN","freq50",0,0,0,0,0,0,NA,141.64039408867,1,NA,139.790923824959,1,"","",1,1
"MK-2206","EN","freq50",0,7,0,0,1,0,NA,141.64039408867,1,0,9.31788222582388,1,"","HRAS",1,1
"Palbociclib","DSEN","freq50",26,17,1,2,0,2,5.689616466221,8.35439480569823,0.166960371161184,18.7767060526156,22.6861548176604,0.00635405760531421,"CDKN2A;WT1","RB1;SMAD3",0.480918460409932,0.0854189210968597
"Palbociclib","EN","freq50",20,18,1,2,3,4,7.48763574973037,10.9264985426435,0.131083952970836,17.6008762605,21.3107420040536,0.00711502895078433,"CDKN2A;ID3;POLQ;RB1","HRAS;MAP2K1;SMAD3;WT1",0.318690344378638,0.030909551999309
"Dactolisib","DSEN","freq50",2,2,0,0,0,0,0,28.3267651888342,1,0,27.9568881685575,1,"","",1,1
"Dactolisib","EN","freq50",13,16,0,3,3,1,0,5.24435930183057,1,32.6039552781532,36.5869552039765,0.000184677360449919,"APC","BRIP1;CACNA1D;CDKN1A;MAP3K1",1,0.00139827144340653
"Pictilisib","DSEN","freq50",0,0,0,0,0,0,NA,141.64039408867,1,NA,139.790923824959,1,"","",1,1
"Pictilisib","EN","freq50",1,0,0,0,0,0,0,47.2123700054735,1,NA,139.790923824959,1,"","",1,1
"AZD8055","DSEN","freq50",3,2,0,0,0,0,0,20.2329345531316,1,0,27.9568881685575,1,"","",1,1
"AZD8055","EN","freq50",30,39,2,2,2,1,10.1914311406201,12.4986225895317,0.01866848994708,7.61053618656303,9.37215878194671,0.0312617766831623,"AKT1;CTNNB1;NF1","CCND3;CDKN1B;KMT2D",0.0687104143885582,0.0998116966390123
"PD0325901","DSEN","freq50",1,4,0,0,1,0,0,47.2123700054735,1,0,15.5308842067351,1,"","MAP2K1",1,1
"PD0325901","EN","freq50",0,6,0,1,4,0,NA,141.64039408867,1,28.0886098655739,38.2443458980044,0.0418034352858845,"","ASXL1;BRAF;KRAS;MAP2K1;NRAS",1,0.125885344894993
"SB590885","DSEN","freq50",9,5,0,0,3,0,0,7.45320197044335,1,0,12.70679239723,1,"","BRAF;MAP2K1;MITF",1,1
"SB590885","EN","freq50",0,1,0,0,1,0,NA,141.64039408867,1,0,46.5958941112912,1,"","BRAF",1,1
"Selumetinib","DSEN","freq50",0,0,0,0,0,0,NA,141.64039408867,1,NA,139.790923824959,1,"","",1,1
"Selumetinib","EN","freq50",0,8,0,0,3,0,NA,141.64039408867,1,0,8.22147011154543,1,"","BRAF;MAP2K1;MITF",1,1
"AZD6482","DSEN","freq50",8,1,0,1,1,0,0,8.33024244180431,1,Inf,420.736585365854,0.0070913821287959,"","CDKN1A",1,0.0854189210968597
"AZD6482","EN","freq50",0,2,0,2,1,0,NA,141.64039408867,1,Inf,703.515497553018,5.01255828315619e-05,"","CDKN1A;VHL",1,0.000510895363475535
"CCT007093","DSEN","freq50",23,8,1,0,1,0,6.46582446144918,9.46897309170785,0.149210625570421,0,8.22147011154543,1,"TEC","ERBB2",0.434514459078699,1
"CCT007093","EN","freq50",21,14,1,2,1,0,7.11402487347701,10.3932575240085,0.137168546947223,23.466252781354,28.1327895595432,0.0043116328055701,"TEC","CDKN2A;ERBB2;VHL",0.327474458928055,0.0207742307904741
"EHT-1864","DSEN","freq50",12,7,0,1,0,0,0,5.664039408867,1,23.3935098890477,32.3598499061914,0.0485993120890705,"","CDC73",1,0.330226094964197
"EHT-1864","EN","freq50",0,1,0,0,0,0,NA,141.64039408867,1,0,46.5958941112912,1,"","",1,1
"Avagacestat","DSEN","freq50",2,4,0,0,0,0,0,28.3267651888342,1,0,15.5308842067351,1,"","",1,1
"Avagacestat","EN","freq50",12,13,0,0,5,0,0,5.664039408867,1,0,5.1758809052164,1,"","CTNNB1;DGCR8;EGFR;ERBB3;PDGFB",1,1
"BMS-536924","DSEN","freq50",2,3,1,1,1,0,141.798984214153,142.103789126853,0.0139497425329623,70.1678740665494,84.1434146341463,0.0211241228056388,"AKT1","FGFR2;PTEN",0.0999103181414869,0.186596418116476
"BMS-536924","EN","freq50",0,4,0,1,1,0,NA,141.64039408867,1,46.7699032668444,60.1010452961672,0.0280661852089512,"","FGFR2;PTEN",1,0.0916444883053665
"Cetuximab","DSEN","freq50",5,1,0,0,1,1,0,12.8749067024929,1,0,46.5958941112912,1,"SPEN","EGFR",1,1
"Cetuximab","EN","freq50",0,1,0,0,1,0,NA,141.64039408867,1,0,46.5958941112912,1,"","EGFR",1,1
"PF-4708671","DSEN","freq50",0,0,0,0,0,0,NA,141.64039408867,1,NA,139.790923824959,1,"","",1,1
"PF-4708671","EN","freq50",0,0,0,0,0,0,NA,141.64039408867,1,NA,139.790923824959,1,"","",1,1
"Serdemetan","DSEN","freq50",12,6,0,0,1,0,0,5.664039408867,1,0,10.7516519137265,1,"","WWTR1",1,1
"Serdemetan","EN","freq50",11,10,1,0,1,1,14.2308518897012,20.2963050129442,0.0743617552043239,0,6.65516709114764,1,"APC;FOXP1","WWTR1",0.197058651291458,1
"HG-5-113-01","DSEN","freq50",0,0,0,0,0,0,NA,141.64039408867,1,NA,139.790923824959,1,"","",1,1
"HG-5-113-01","EN","freq50",17,7,2,1,0,3,19.0259022801884,22.9882697947214,0.00619550688489578,23.3935098890477,32.3598499061914,0.0485993120890705,"BCOR;ESR1;TBL1XR1","RB1",0.029318023651739,0.139987148952214
"HG-5-88-01","DSEN","freq50",3,0,1,0,0,1,71.0990860703565,85.2602965403624,0.0208517083700367,NA,139.790923824959,1,"AKT1;BCOR","",0.115118806626244,1
"HG-5-88-01","EN","freq50",0,0,0,0,0,0,NA,141.64039408867,1,NA,139.790923824959,1,"","",1,1
"TW 37","DSEN","freq50",4,1,0,0,0,0,0,15.7363619777413,1,0,46.5958941112912,1,"","",1,1
"TW 37","EN","freq50",47,9,0,0,0,2,0,1.48932676518883,1,0,7.35588160027297,1,"CDH1;EED","",1,1
"XMD11-85h","DSEN","freq50",4,2,1,2,0,0,47.3835378916262,60.8987997175806,0.027705520957085,Inf,703.515497553018,5.01255828315619e-05,"AKT1","ATM;RB1",0.14396005987505,0.00332081986259098
"XMD11-85h","EN","freq50",0,0,0,0,0,0,NA,141.64039408867,1,NA,139.790923824959,1,"","",1,1
"ZG-10","DSEN","freq50",5,5,0,1,0,0,0,12.8749067024929,1,35.093889682082,46.7441734417344,0.0349591741093553,"","RB1",1,0.264690889685119
"ZG-10","EN","freq50",7,7,0,1,0,0,0,9.44116037219485,1,23.3935098890477,32.3598499061914,0.0485993120890705,"","RB1",1,0.139987148952214
"XMD8-92","DSEN","freq50",1,0,0,0,0,0,0,47.2123700054735,1,NA,139.790923824959,1,"","",1,1
"XMD8-92","EN","freq50",8,8,1,1,0,0,20.3254716325375,28.4168039538715,0.0546459011254056,20.0578431616269,28.0445528455285,0.0553471454579407,"CARD11","RB1",0.155711438690672,0.154389405751098
"QL-VIII-58","DSEN","freq50",1,0,0,0,0,0,0,47.2123700054735,1,NA,139.790923824959,1,"","",1,1
"QL-VIII-58","EN","freq50",1,0,0,0,0,0,0,47.2123700054735,1,NA,139.790923824959,1,"","",1,1
"CCT-018159","DSEN","freq50",9,13,0,0,1,0,0,7.45320197044335,1,0,5.1758809052164,1,"","EGFR",1,1
"CCT-018159","EN","freq50",20,26,1,0,1,1,7.48763574973037,10.9264985426435,0.131083952970836,0,2.63597443503257,1,"APC;BRAF","EGFR",0.318690344378638,1
"Rucaparib","DSEN","freq50",3,3,0,0,0,0,0,20.2329345531316,1,0,19.9687427645288,1,"","",1,1
"Rucaparib","EN","freq50",0,0,0,0,0,0,NA,141.64039408867,1,NA,139.790923824959,1,"","",1,1
"GSK269962A","DSEN","freq50",1,0,0,0,0,1,0,47.2123700054735,1,NA,139.790923824959,1,"CDH1","",1,1
"GSK269962A","EN","freq50",1,1,0,0,0,1,0,47.2123700054735,1,0,46.5958941112912,1,"CDH1","",1,1
"SB-505124","DSEN","freq50",7,1,1,1,0,0,23.7016996883841,32.7893803066785,0.0479813761484129,Inf,420.736585365854,0.0070913821287959,"SYK","ATM",0.205081688376281,0.0854189210968597
"SB-505124","EN","freq50",0,0,0,0,0,0,NA,141.64039408867,1,NA,139.790923824959,1,"","",1,1
"Tamoxifen","DSEN","freq50",0,0,0,0,0,0,NA,141.64039408867,1,NA,139.790923824959,1,"","",1,1
"Tamoxifen","EN","freq50",0,0,0,0,0,0,NA,141.64039408867,1,NA,139.790923824959,1,"","",1,1
"QL-XII-61","DSEN","freq50",2,1,0,0,0,0,0,28.3267651888342,1,0,46.5958941112912,1,"","",1,1
"QL-XII-61","EN","freq50",10,5,1,0,0,0,15.8080635299606,22.4332784184514,0.0678357683674803,0,12.70679239723,1,"CTNNB1","",0.185324521828683,1
"JQ1","DSEN","freq50",0,0,0,0,0,0,NA,141.64039408867,1,NA,139.790923824959,1,"","",1,1
"JQ1","EN","freq50",17,16,1,0,0,0,8.89147525019455,12.9140332484649,0.112572376055354,0,4.2345169687147,1,"CTNNB1","",0.281430940138384,1
"PFI-1","DSEN","freq50",4,3,0,0,0,0,0,15.7363619777413,1,0,19.9687427645288,1,"","",1,1
"PFI-1","EN","freq50",4,4,1,0,0,0,47.3835378916262,60.8987997175806,0.027705520957085,0,15.5308842067351,1,"CTNNB1","",0.0884573861882835,1
"IOX2","DSEN","freq50",1,0,0,0,0,0,0,47.2123700054735,1,NA,139.790923824959,1,"","",1,1
"IOX2","EN","freq50",1,0,0,0,0,0,0,47.2123700054735,1,NA,139.790923824959,1,"","",1,1
"UNC0638","DSEN","freq50",2,1,1,0,0,0,141.798984214153,142.103789126853,0.0139497425329623,0,46.5958941112912,1,"AKT1","",0.0999103181414869,1
"UNC0638","EN","freq50",27,21,6,1,0,1,41.2988589222792,43.6609793151806,2.92734734045965e-08,7.01801305166692,10.2571088637716,0.138847868076884,"AKT1;ATF1;CTNNB1;KDR;PIK3CA;TET1","PIK3R1",3.90688169292415e-06,0.314484487524566
"YK-4-279","DSEN","freq50",8,5,1,0,0,1,20.3254716325375,28.4168039538715,0.0546459011254056,0,12.70679239723,1,"BCOR;ERBB3","",0.219411572700492,1
"YK-4-279","EN","freq50",39,36,4,1,0,6,16.4117415450382,18.1786459187739,0.000159546535741345,4.00996618020622,5.92105805565098,0.226092475542828,"BCOR;CDH1;ERBB3;EZH2;P2RY8;PER1;RB1;TP63","SETD1B",0.00140932773238188,0.457362641365264
"CHIR-99021","DSEN","freq50",3,5,0,0,0,1,0,20.2329345531316,1,0,12.70679239723,1,"CDH1","",1,1
"CHIR-99021","EN","freq50",23,19,1,3,2,3,6.46582446144918,9.46897309170785,0.149210625570421,26.4694211146363,29.9326985071666,0.000314558523815727,"CDH1;RB1;TP53","CDKN1A;SMAD3;VHL;WWTR1",0.3468492611944,0.00225291915705858
"(5Z)-7-Oxozeaenol","DSEN","freq50",3,3,1,1,1,1,71.0990860703565,85.2602965403624,0.0208517083700367,70.1678740665494,84.1434146341463,0.0211241228056388,"TP53","BAX;MAP2K1",0.115118806626244,0.186596418116476
"(5Z)-7-Oxozeaenol","EN","freq50",7,5,1,0,2,3,23.7016996883841,32.7893803066785,0.0479813761484129,0,12.70679239723,1,"KEAP1;RB1;TP53","BRAF;MAP2K1",0.139725985487136,1
"Piperlongumine","DSEN","freq50",2,0,0,0,0,0,0,28.3267651888342,1,NA,139.790923824959,1,"","",1,1
"Piperlongumine","EN","freq50",15,12,1,1,2,2,10.1611667446051,14.695960915753,0.10001347357494,12.7635970785077,18.2882290562036,0.0818647799103389,"APC;CDH1;SYK","CDKN1A;WWTR1",0.254842024013069,0.208597756502306
"Daporinad","DSEN","freq50",27,26,3,2,0,1,17.910743221751,20.4243070362473,0.000876814209907855,11.7349493559041,14.3494689882478,0.0145611482728988,"CDH1;ERBB2;ERBB3;SND1","BAP1;RB1",0.0258173072917313,0.1484117035507
"Daporinad","EN","freq50",46,29,5,5,1,2,17.5653377369058,19.0668584186496,1.76124272314579e-05,29.6275847746427,31.8808795346804,1.79292541228754e-06,"APOBEC3B;CDH1;CTNNB1;ERBB2;ERBB3;SND1","BAP1;NOTCH1;PIK3R1;RB1;TET2",0.000306830332356116,4.75125234256198e-05
"Talazoparib","DSEN","freq50",5,3,1,0,0,1,35.5597897383534,47.3646348160351,0.0345115151459691,0,19.9687427645288,1,"TP53","",0.163313419887175,1
"Talazoparib","EN","freq50",29,11,3,1,0,5,16.5178590959665,18.8819737789042,0.00108407865098662,14.044858517083,20.0304297328688,0.0753057585301004,"APC;CBL;CDH1;EZH2;TP53","STAG2",0.00718202106278637,0.197584415945313
"rTRAIL","DSEN","freq50",0,0,0,0,0,0,NA,141.64039408867,1,NA,139.790923824959,1,"","",1,1
"rTRAIL","EN","freq50",2,3,0,0,0,0,0,28.3267651888342,1,0,19.9687427645288,1,"","",1,1
"UNC1215","DSEN","freq50",2,0,0,0,0,0,0,28.3267651888342,1,NA,139.790923824959,1,"","",1,1
"UNC1215","EN","freq50",4,1,0,1,0,0,0,15.7363619777413,1,Inf,420.736585365854,0.0070913821287959,"","VHL",1,0.030909551999309
"SGC0946","DSEN","freq50",0,0,0,0,0,0,NA,141.64039408867,1,NA,139.790923824959,1,"","",1,1
"SGC0946","EN","freq50",0,0,0,0,0,0,NA,141.64039408867,1,NA,139.790923824959,1,"","",1,1
"XAV939","DSEN","freq50",15,19,1,1,3,2,10.1611667446051,14.695960915753,0.10001347357494,7.79970069355471,11.3665128543177,0.126497590610722,"BCL2;SMAD4;SPEN","EGFR;MAP3K1;WWTR1",0.315518696397133,0.632487953053609
"XAV939","EN","freq50",26,25,1,2,2,3,5.689616466221,8.35439480569823,0.166960371161184,12.2452962255063,14.9604317795287,0.0135036429824247,"AMER1;BCL2;SMAD4;SPEN","EGFR;NF2;STK11;WWTR1",0.381418089290636,0.0542191725809476
"PLX-4720_repl_1371","DSEN","freq50",1,2,1,0,2,0,Inf,426.321252059308,0.00699928625699342,0,27.9568881685575,1,"RAF1","BRAF;MAP2K1",0.0741924343241303,1
"PLX-4720_repl_1371","EN","freq50",0,1,0,0,1,0,NA,141.64039408867,1,0,46.5958941112912,1,"","BRAF",1,1
"Trametinib","DSEN","freq50",1,4,0,0,1,0,0,47.2123700054735,1,0,15.5308842067351,1,"","MAP2K1",1,1
"Trametinib","EN","freq50",3,13,0,1,5,1,0,20.2329345531316,1,11.6999825519235,16.8247804878049,0.088377426965626,"RB1","ASXL1;BRAF;ERBB3;KRAS;MAP2K1;NRAS",1,0.223047791865628
"Dabrafenib","DSEN","freq50",2,6,1,2,2,1,141.798984214153,142.103789126853,0.0139497425329623,70.3936104175736,78.1611382998006,0.000737868226708356,"TP53","ATM;BAX;BRAF;MAP2K1",0.0999103181414869,0.0217261200086349
"Dabrafenib","EN","freq50",1,3,1,1,1,1,Inf,426.321252059308,0.00699928625699342,70.1678740665494,84.1434146341463,0.0211241228056388,"TP53","ATM;BRAF",0.0299163041629557,0.0736564808354511
"Temozolomide","DSEN","freq50",0,0,0,0,0,0,NA,141.64039408867,1,NA,139.790923824959,1,"","",1,1
"Temozolomide","EN","freq50",0,0,0,0,0,0,NA,141.64039408867,1,NA,139.790923824959,1,"","",1,1
"Afatinib_repl_1377","DSEN","freq50",16,16,2,0,2,1,20.3897573084181,24.5742376745512,0.00549187975444495,0,4.2345169687147,1,"KIT;RAF1;SMAD3","EGFR;ERBB2",0.0741924343241303,1
"Afatinib_repl_1377","EN","freq50",0,5,0,0,0,0,NA,141.64039408867,1,0,12.70679239723,1,"","",1,1
"Bleomycin (50 uM)","DSEN","freq50",16,16,3,0,2,2,33.0392950212874,37.0757938701554,0.000177711984042973,0,4.2345169687147,1,"CDH1;MAP2K1;SYK;TP53","JUN;WWTR1",0.00941873515427755,1
"Bleomycin (50 uM)","EN","freq50",43,38,3,0,4,5,10.7367423465051,12.3508588743525,0.0034064612222169,0,1.81386684628176,1,"CDH1;CDKN2A;EZH2;RB1;SYK;TP53","EGFR;JUN;MAP2K1;WWTR1",0.0184226984466832,1
"SN-38","DSEN","freq50",8,3,0,0,0,0,0,8.33024244180431,1,0,19.9687427645288,1,"","",1,1
"SN-38","EN","freq50",8,3,1,1,0,1,20.3254716325375,28.4168039538715,0.0546459011254056,70.1678740665494,84.1434146341463,0.0211241228056388,"TP53","KDM5C",0.155711438690672,0.0736564808354511
"Olaparib","DSEN","freq50",1,2,0,0,1,0,0,47.2123700054735,1,0,27.9568881685575,1,"","WWTR1",1,1
"Olaparib","EN","freq50",25,16,1,3,2,1,5.926770580885,8.69559224019097,0.161085184469299,32.6039552781532,36.5869552039765,0.000184677360449919,"ETV5;NCOR2","CBLC;ERCC5;STAG2;WWTR1",0.371196294646646,0.00139827144340653
"Selumetinib_repl_1498","DSEN","freq50",10,8,2,0,3,3,35.6741221294667,41.9265921244531,0.00211732532103134,0,8.22147011154543,1,"PAX5;SMARCA4;TP53","BRAF;ERBB3;KRAS",0.0400779435766647,1
"Selumetinib_repl_1498","EN","freq50",4,8,1,1,4,1,47.3835378916262,60.8987997175806,0.027705520957085,20.0578431616269,28.0445528455285,0.0553471454579407,"TP53","ASXL1;BRAF;KRAS;MAP2K1;NRAS",0.0884573861882835,0.154389405751098
"Bicalutamide","DSEN","freq50",11,12,1,0,0,0,14.2308518897012,20.2963050129442,0.0743617552043239,0,5.59008103727715,1,"RAF1","",0.259287699067708,1
"Bicalutamide","EN","freq50",0,0,0,0,0,0,NA,141.64039408867,1,NA,139.790923824959,1,"","",1,1
"Refametinib","DSEN","freq50",18,24,2,1,7,2,17.8385695623757,21.5945404457801,0.00693791040798977,6.10342206249203,8.94706798131811,0.157047688790065,"GATA3;TP53","BRAF;CTNNB1;ERBB3;KRAS;MAP2K1;NOTCH1;SRC",0.0741924343241303,0.743172098738698
"Refametinib","EN","freq50",1,9,1,1,4,1,Inf,426.321252059308,0.00699928625699342,17.5454754554985,24.7446197991392,0.0620472739369036,"TP53","ASXL1;BRAF;KRAS;MAP2K1;NRAS",0.0299163041629557,0.169510593745149
"Pictilisib_repl_1527","DSEN","freq50",18,5,2,1,1,0,17.8385695623757,21.5945404457801,0.00693791040798977,35.093889682082,46.7441734417344,0.0349591741093553,"AKT1;MTOR","MAP3K1",0.0741924343241303,0.264690889685119
"Pictilisib_repl_1527","EN","freq50",0,0,0,0,0,0,NA,141.64039408867,1,NA,139.790923824959,1,"","",1,1
"Pevonedistat","DSEN","freq50",4,4,1,0,1,0,47.3835378916262,60.8987997175806,0.027705520957085,0,15.5308842067351,1,"CCND2","MAP2K1",0.14396005987505,1
"Pevonedistat","EN","freq50",32,27,2,0,1,0,9.51443675618131,11.6784988483945,0.0210926803549141,0,2.54006188301164,1,"CCND2;MAML2","MAP2K1",0.074527470587363,1
"Doxorubicin","DSEN","freq50",1,1,0,0,0,0,0,47.2123700054735,1,0,46.5958941112912,1,"","",1,1
"Doxorubicin","EN","freq50",3,1,0,0,0,0,0,20.2329345531316,1,0,46.5958941112912,1,"","",1,1
"Etoposide","DSEN","freq50",16,10,1,0,0,0,9.48613201867949,13.7475155444545,0.106314913162973,0,6.65516709114764,1,"CCND1","",0.323832781473423,1
"Etoposide","EN","freq50",21,21,0,3,3,0,0,3.29235880398671,1,23.5394388147687,26.6954925465564,0.000427236102090045,"","CCR7;KDM5C;KMT2D;NOTCH1",1,0.00290301453984261
"Gemcitabine","DSEN","freq50",4,2,0,0,0,0,0,15.7363619777413,1,0,27.9568881685575,1,"","",1,1
"Gemcitabine","EN","freq50",7,4,0,0,0,0,0,9.44116037219485,1,0,15.5308842067351,1,"","",1,1
"Mitomycin-C","DSEN","freq50",1,4,0,0,0,0,0,47.2123700054735,1,0,15.5308842067351,1,"","",1,1
"Mitomycin-C","EN","freq50",4,2,0,0,0,0,0,15.7363619777413,1,0,27.9568881685575,1,"","",1,1
"Vinorelbine","DSEN","freq50",5,2,0,0,0,0,0,12.8749067024929,1,0,27.9568881685575,1,"","",1,1
"Vinorelbine","EN","freq50",7,13,0,0,0,0,0,9.44116037219485,1,0,5.1758809052164,1,"","",1,1
"NSC-87877","DSEN","freq50",0,0,0,0,0,0,NA,141.64039408867,1,NA,139.790923824959,1,"","",1,1
"NSC-87877","EN","freq50",0,0,0,0,0,0,NA,141.64039408867,1,NA,139.790923824959,1,"","",1,1
"Bicalutamide_repl_150","DSEN","freq50",24,9,2,0,4,0,12.9707416385714,15.8337924701561,0.0121749354987419,0,7.35588160027297,1,"AKT3;MAP2K1","ERBB2;ERBB3;MDM2;WWTR1",0.0999103181414869,1
"Bicalutamide_repl_150","EN","freq50",0,0,0,0,0,0,NA,141.64039408867,1,NA,139.790923824959,1,"","",1,1
"QS11","DSEN","freq50",0,1,0,0,0,0,NA,141.64039408867,1,0,46.5958941112912,1,"","",1,1
"QS11","EN","freq50",0,3,0,0,0,0,NA,141.64039408867,1,0,19.9687427645288,1,"","",1,1
"CP466722","DSEN","freq50",11,2,0,1,0,1,0,6.15670736060541,1,140.016396193431,140.242276422764,0.0141326386747607,"NDRG1","PTEN",1,0.1484117035507
"CP466722","EN","freq50",57,42,5,5,3,1,13.8542021790655,15.0680499244773,5.05214198746952e-05,19.2067605024195,20.8225590334981,1.19096122813543e-05,"AKT1;BRAF;CTNNB1;MAPK1;NDRG1;SRC","KMT2D;MYC;NOTCH1;PIK3R1;PTEN;RB1",0.000608553466672465,0.000210403150303926
"Midostaurin","DSEN","freq50",16,7,1,0,1,0,9.48613201867949,13.7475155444545,0.106314913162973,0,9.31788222582388,1,"BRAF","WWTR1",0.323832781473423,1
"Midostaurin","EN","freq50",15,18,1,0,1,0,10.1611667446051,14.695960915753,0.10001347357494,0,3.7765561347409,1,"BRAF","WWTR1",0.254842024013069,1
"CHIR-99021_repl_154","DSEN","freq50",0,0,0,0,0,0,NA,141.64039408867,1,NA,139.790923824959,1,"","",1,1
"CHIR-99021_repl_154","EN","freq50",0,0,0,0,0,0,NA,141.64039408867,1,NA,139.790923824959,1,"","",1,1
"Ponatinib","DSEN","freq50",0,1,0,0,0,0,NA,141.64039408867,1,0,46.5958941112912,1,"","",1,1
"Ponatinib","EN","freq50",8,16,0,1,2,0,0,8.33024244180431,1,9.36089900732784,13.5674272226593,0.107640378923362,"","ASXL1;MYC;NT5C2",1,0.266585985184026
"AZD6482_repl_156","DSEN","freq50",15,12,0,1,2,2,0,4.56745590338471,1,12.7635970785077,18.2882290562036,0.0818647799103389,"NCOR2;PTEN","AKT1;MYH9;WWTR1",1,0.482092592805329
"AZD6482_repl_156","EN","freq50",0,0,0,0,0,0,NA,141.64039408867,1,NA,139.790923824959,1,"","",1,1
"JNK-9L","DSEN","freq50",9,12,2,0,1,0,40.7002795699349,47.5179063360882,0.00170171762596939,0,5.59008103727715,1,"MTOR;SRC","LCK",0.0375795975734907,1
"JNK-9L","EN","freq50",17,21,2,1,2,1,19.0259022801884,22.9882697947214,0.00619550688489578,7.01801305166692,10.2571088637716,0.138847868076884,"MTOR;RB1;SRC","FANCA;LCK;MYC",0.029318023651739,0.314484487524566
"PF-562271","DSEN","freq50",12,6,1,0,0,0,12.9315252441701,18.5309791562209,0.0808422035120453,0,10.7516519137265,1,"BRAF","",0.278223167931065,1
"PF-562271","EN","freq50",13,9,2,0,0,1,25.9283341937508,30.9870643190801,0.00361948543581394,0,7.35588160027297,1,"BRAF;TP53","",0.0191832728098139,1
"HG6-64-1","DSEN","freq50",3,3,0,0,1,0,0,20.2329345531316,1,0,19.9687427645288,1,"","WWTR1",1,1
"HG6-64-1","EN","freq50",39,32,4,1,4,5,16.4117415450382,18.1786459187739,0.000159546535741345,4.52836948478236,6.67355787843593,0.203727851346759,"CDH1;CDH17;CDKN2A;GATA3;KMT2A;RB1;TP53","ASXL1;CCND3;MYC;NT5C2;WWTR1",0.00140932773238188,0.428475242911834
"JQ1_repl_163","DSEN","freq50",0,0,0,0,0,0,NA,141.64039408867,1,NA,139.790923824959,1,"","",1,1
"JQ1_repl_163","EN","freq50",1,2,0,0,1,0,0,47.2123700054735,1,0,27.9568881685575,1,"","CCND3",1,1
"JQ12","DSEN","freq50",0,0,0,0,0,0,NA,141.64039408867,1,NA,139.790923824959,1,"","",1,1
"JQ12","EN","freq50",0,1,0,0,0,0,NA,141.64039408867,1,0,46.5958941112912,1,"","",1,1
"DMOG","DSEN","freq50",7,5,1,0,1,0,23.7016996883841,32.7893803066785,0.0479813761484129,0,12.70679239723,1,"SRC","STAT3",0.205081688376281,1
"DMOG","EN","freq50",32,27,2,0,3,2,9.51443675618131,11.6784988483945,0.0210926803549141,0,2.54006188301164,1,"APC;CTNNB1;ETV6;SRC","LCK;MYC;STAT3",0.074527470587363,1
"FTI-277","DSEN","freq50",0,5,0,0,1,0,NA,141.64039408867,1,0,12.70679239723,1,"","WWTR1",1,1
"FTI-277","EN","freq50",0,1,0,0,1,0,NA,141.64039408867,1,0,46.5958941112912,1,"","MYB",1,1
"OSU-03012","DSEN","freq50",18,15,0,0,0,1,0,3.82652110238317,1,0,4.50781617608616,1,"NDRG1","",1,1
"OSU-03012","EN","freq50",22,34,0,1,1,1,0,3.14595876664842,1,4.25317823680848,6.27484528576629,0.214989545725558,"RB1","KMT2D",1,0.438247920132869
"Shikonin","DSEN","freq50",3,1,0,0,0,0,0,20.2329345531316,1,0,46.5958941112912,1,"","",1,1
"Shikonin","EN","freq50",23,6,0,0,3,0,0,3.01201830695594,1,0,10.7516519137265,1,"","CCND3;MYC;RAC1",1,1
"AKT inhibitor VIII","DSEN","freq50",23,18,2,1,3,1,13.585671228936,16.5706323275034,0.0112117087816955,8.2603669739856,12.0163066202091,0.120256406067796,"BCL2;MAP2K1;ROBO2","AR;ERBB2;EXT1;KDR",0.0999103181414869,0.632487953053609
"AKT inhibitor VIII","EN","freq50",0,1,0,0,1,0,NA,141.64039408867,1,0,46.5958941112912,1,"","PIK3CA",1,1
"Embelin","DSEN","freq50",9,8,0,0,2,0,0,7.45320197044335,1,0,8.22147011154543,1,"","MAP2K1;WWTR1",1,1
"Embelin","EN","freq50",9,13,1,0,2,0,17.7826946781057,25.0730690958426,0.0612639240628351,0,5.1758809052164,1,"KIT","BRAF;WWTR1",0.169113957048451,1
"FH535","DSEN","freq50",1,1,0,0,0,1,0,47.2123700054735,1,0,46.5958941112912,1,"SMAD4","",1,1
"FH535","EN","freq50",4,7,0,0,2,2,0,15.7363619777413,1,0,9.31788222582388,1,"RB1;SMAD4","ERBB2;WWTR1",1,1
"PAC-1","DSEN","freq50",0,0,0,0,0,0,NA,141.64039408867,1,NA,139.790923824959,1,"","",1,1
"PAC-1","EN","freq50",4,10,0,1,2,0,0,15.7363619777413,1,15.6010127550251,22.1394094993582,0.06870003369251,"","MYC;NOTCH1",1,0.182055089285151
"IPA-3","DSEN","freq50",14,6,0,0,0,0,0,4.88256610610951,1,0,10.7516519137265,1,"","",1,1
"IPA-3","EN","freq50",27,29,2,2,4,0,11.4156483709402,13.9700210662778,0.0152718134091619,10.4290442556813,12.7831825596915,0.0179387931735507,"CTNNB1;SRC","FGFR3;FOXR1;KMT2D;MYC;RB1",0.057814722191827,0.0660247248748739
"GSK650394","DSEN","freq50",4,3,1,0,0,0,47.3835378916262,60.8987997175806,0.027705520957085,0,19.9687427645288,1,"BRAF","",0.14396005987505,1
"GSK650394","EN","freq50",1,3,1,0,0,0,Inf,426.321252059308,0.00699928625699342,0,19.9687427645288,1,"BRAF","",0.0299163041629557,1
"BAY-61-3606","DSEN","freq50",5,10,0,2,0,0,0,12.8749067024929,1,35.2051827281486,41.3755877554937,0.00217243613644981,"","NRG1;PTEN",1,0.0411211125828
"BAY-61-3606","EN","freq50",16,36,1,2,3,0,9.48613201867949,13.7475155444545,0.106314913162973,8.28058360700643,10.1878383809726,0.0269491329765457,"CTNNB1","KMT2D;LCK;MYC;PTEN",0.268318590363694,0.0915579517792898
"5-Fluorouracil","DSEN","freq50",9,8,2,0,0,1,40.7002795699349,47.5179063360882,0.00170171762596939,0,8.22147011154543,1,"TP53;WWTR1","",0.0375795975734907,1
"5-Fluorouracil","EN","freq50",30,39,4,5,1,1,22.0922472807307,24.3576115279565,5.58592228137158e-05,20.9115018305437,22.6347921591099,8.20226582140994e-06,"CTNNB1;MET;TP53;WWTR1","BAX;KMT2D;PTEN;SLC34A2;TET2",0.000616778918568112,0.000155257174476688
"Thapsigargin","DSEN","freq50",9,13,1,0,0,1,17.7826946781057,25.0730690958426,0.0612639240628351,0,5.1758809052164,1,"GATA3","",0.23192771252359,1
"Thapsigargin","EN","freq50",3,2,0,0,0,0,0,20.2329345531316,1,0,27.9568881685575,1,"","",1,1
"Obatoclax Mesylate","DSEN","freq50",1,0,0,0,0,0,0,47.2123700054735,1,NA,139.790923824959,1,"","",1,1
"Obatoclax Mesylate","EN","freq50",18,24,1,4,2,1,8.36809789226711,12.1758060720169,0.118786168152257,28.3549271215025,31.0744923705395,2.356050714973e-05,"RB1;SRC","NRAS;PTPRB;SETD1B;SMAD3;TP63",0.294190042620076,0.000346863021926581
"BMS-754807","DSEN","freq50",4,0,0,0,0,0,0,15.7363619777413,1,NA,139.790923824959,1,"","",1,1
"BMS-754807","EN","freq50",27,19,0,1,1,3,0,2.57366771159875,1,7.79970069355471,11.3665128543177,0.126497590610722,"DDX3X;LRIG3;LRP1B","KRAS;WNK2",1,0.29665364169771
"Linsitinib","DSEN","freq50",3,5,1,1,0,0,71.0990860703565,85.2602965403624,0.0208517083700367,35.093889682082,46.7441734417344,0.0349591741093553,"AKT1","PTEN",0.115118806626244,0.264690889685119
"Linsitinib","EN","freq50",13,14,1,0,1,3,11.8554864714874,17.0481054365733,0.0872774300183983,0,4.81881182585369,1,"KMT2D;LRP1B;PTEN","KRAS",0.226750185832113,1
"Bexarotene","DSEN","freq50",1,1,0,0,0,0,0,47.2123700054735,1,0,46.5958941112912,1,"","",1,1
"Bexarotene","EN","freq50",0,0,0,0,0,0,NA,141.64039408867,1,NA,139.790923824959,1,"","",1,1
"Bleomycin","DSEN","freq50",1,2,0,1,0,0,0,47.2123700054735,1,140.016396193431,140.242276422764,0.0141326386747607,"","SMAD3",1,0.1484117035507
"Bleomycin","EN","freq50",6,4,2,1,1,1,71.330882759973,79.2020202020202,0.000718973537372626,46.7699032668444,60.1010452961672,0.0280661852089512,"BRAF;TP53","SMAD3;WWTR1",0.00501389440536174,0.0916444883053665
"LFM-A13","DSEN","freq50",0,0,0,0,0,0,NA,141.64039408867,1,NA,139.790923824959,1,"","",1,1
"LFM-A13","EN","freq50",0,0,0,0,0,0,NA,141.64039408867,1,NA,139.790923824959,1,"","",1,1
"GW-2580","DSEN","freq50",0,0,0,0,0,0,NA,141.64039408867,1,NA,139.790923824959,1,"","",1,1
"GW-2580","EN","freq50",0,0,0,0,0,0,NA,141.64039408867,1,NA,139.790923824959,1,"","",1,1
"Luminespib","DSEN","freq50",1,2,0,0,0,0,0,47.2123700054735,1,0,27.9568881685575,1,"","",1,1
"Luminespib","EN","freq50",1,2,0,0,0,0,0,47.2123700054735,1,0,27.9568881685575,1,"","",1,1
"Phenformin","DSEN","freq50",0,0,0,0,0,0,NA,141.64039408867,1,NA,139.790923824959,1,"","",1,1
"Phenformin","EN","freq50",8,34,3,1,3,0,85.8585660694664,91.0211065882708,1.85256049724447e-05,4.25317823680848,6.27484528576629,0.214989545725558,"CTNNB1;EGFR;SRC","MALT1;MYC;SLC34A2;SYK",0.000306830332356116,0.438247920132869
"Bryostatin 1","DSEN","freq50",1,0,0,0,0,0,0,47.2123700054735,1,NA,139.790923824959,1,"","",1,1
"Bryostatin 1","EN","freq50",0,0,0,0,0,0,NA,141.64039408867,1,NA,139.790923824959,1,"","",1,1
"Pazopanib","DSEN","freq50",12,7,0,0,0,0,0,5.664039408867,1,0,9.31788222582388,1,"","",1,1
"Pazopanib","EN","freq50",10,12,0,1,1,0,0,6.74321682696067,1,12.7635970785077,18.2882290562036,0.0818647799103389,"","CREBBP",1,0.208597756502306
"Dacinostat","DSEN","freq50",8,14,3,1,0,0,85.8585660694664,91.0211065882708,1.85256049724447e-05,10.8010517070901,15.5781391147245,0.0948440265163999,"AKT1;CTNNB1;MAPK1","PTEN",0.00163642843923262,0.534758872911616
"Dacinostat","EN","freq50",25,27,4,3,1,0,27.3356536702114,30.0256549162249,2.6505082113354e-05,17.6564035132717,20.1550151975684,0.000910493728207027,"AKT1;CTNNB1;MAPK1;SRC","KMT2D;PTEN;RB1",0.000413167456472872,0.00536179639944138
"Epothilone B","DSEN","freq50",3,1,1,0,0,0,71.0990860703565,85.2602965403624,0.0208517083700367,0,46.5958941112912,1,"BRAF","",0.115118806626244,1
"Epothilone B","EN","freq50",2,2,1,0,0,0,141.798984214153,142.103789126853,0.0139497425329623,0,27.9568881685575,1,"BRAF","",0.0535750981338408,1
"GSK1904529A","DSEN","freq50",0,0,0,0,0,0,NA,141.64039408867,1,NA,139.790923824959,1,"","",1,1
"GSK1904529A","EN","freq50",4,4,0,0,0,0,0,15.7363619777413,1,0,15.5308842067351,1,"","",1,1
"BMS-345541","DSEN","freq50",0,0,0,0,0,0,NA,141.64039408867,1,NA,139.790923824959,1,"","",1,1
"BMS-345541","EN","freq50",35,32,4,4,3,0,18.5364857458679,20.4889469931067,0.000103825597853603,20.2465251062648,22.3476795436868,7.62472709877524e-05,"AKT1;CTNNB1;KDR;MAPK1","KDM5C;LCK;MYC;NOTCH1;SLC34A2;TET2",0.00101902901597054,0.000696742303853599
"Tipifarnib","DSEN","freq50",0,1,0,0,0,0,NA,141.64039408867,1,0,46.5958941112912,1,"","",1,1
"Tipifarnib","EN","freq50",0,4,0,0,0,0,NA,141.64039408867,1,0,15.5308842067351,1,"","",1,1
"Avagacestat_repl_205","DSEN","freq50",0,0,0,0,0,0,NA,141.64039408867,1,NA,139.790923824959,1,"","",1,1
"Avagacestat_repl_205","EN","freq50",0,1,0,1,0,0,NA,141.64039408867,1,Inf,420.736585365854,0.0070913821287959,"","MLH1",1,0.030909551999309
"Ruxolitinib","DSEN","freq50",0,0,0,0,0,0,NA,141.64039408867,1,NA,139.790923824959,1,"","",1,1
"Ruxolitinib","EN","freq50",8,2,0,0,1,0,0,8.33024244180431,1,0,27.9568881685575,1,"","JAK2",1,1
"AS601245","DSEN","freq50",20,8,1,0,0,2,7.48763574973037,10.9264985426435,0.131083952970836,0,8.22147011154543,1,"CDKN2A;MTOR;SMAD4","",0.390306152104175,1
"AS601245","EN","freq50",14,21,0,1,0,2,0,4.88256610610951,1,7.01801305166692,10.2571088637716,0.138847868076884,"RB1;SMAD4","KMT2C",1,0.314484487524566
"Ispinesib Mesylate","DSEN","freq50",29,15,2,1,0,0,10.5670663156548,12.9534184823441,0.0175038123008824,10.0281550872955,14.5034482758621,0.101264903087323,"NFATC2;SRC","CHEK2",0.115118806626244,0.559066652461265
"Ispinesib Mesylate","EN","freq50",46,31,4,5,2,0,13.6804297509557,15.182049525301,0.000304592756703844,27.3200642740314,29.4734077274564,2.53562813105932e-06,"CTNNB1;ERBB3;NFATC2;SRC","CHEK2;KDM5C;KMT2D;NOTCH1;RB1",0.00244597213716723,6.10855867937019e-05
"TL-2-105","DSEN","freq50",9,4,0,0,0,0,0,7.45320197044335,1,0,15.5308842067351,1,"","",1,1
"TL-2-105","EN","freq50",34,24,2,1,1,1,8.91761990056211,10.9593134138589,0.0236400190561221,6.10342206249203,8.94706798131811,0.157047688790065,"CTNNB1;IKZF1;MAPK1","NOTCH1",0.08242901381411,0.346813646078059
"AT-7519","DSEN","freq50",9,4,1,0,0,0,17.7826946781057,25.0730690958426,0.0612639240628351,0,15.5308842067351,1,"AKT1","",0.23192771252359,1
"AT-7519","EN","freq50",45,54,3,5,5,0,10.2218902403434,11.7690956979807,0.00387677864605144,14.5056897212504,15.7702727439136,4.13025346727277e-05,"AKT1;CTNNB1;MAPK1","ARID1B;KDM5C;KMT2D;LCK;MYC;NOTCH1;TP53",0.0201440459059536,0.000456048820344702
"TAK-715","DSEN","freq50",6,1,1,0,0,1,28.4610286177919,38.7519844241426,0.0412700234676886,0,46.5958941112912,1,"MAPK1;NDRG1","",0.188561314119612,1
"TAK-715","EN","freq50",29,37,2,2,3,1,10.5670663156548,12.9534184823441,0.0175038123008824,8.04546357093042,9.90062725455506,0.0283579171360002,"AKT1;MAPK1;RB1","LCK;MYC;NOTCH1;TET2",0.0653311304187865,0.0916444883053665
"BX-912","DSEN","freq50",59,47,2,4,1,3,5.00437456161275,6.19080129356809,0.0643830265527612,13.1762578675778,14.6364871751316,0.000347868302011375,"AKT1;ETV6;NDRG1;SMAD2;SRC","BRAF;CHEK2;LRP1B;MSH2;SMARCA4",0.240302845584249,0.0131693000047164
"BX-912","EN","freq50",5,7,0,2,1,0,0,12.8749067024929,1,56.3764233649383,63.9485392258639,0.00102817446677023,"","CHEK2;NOTCH1",1,0.00579715390838535
"ZSTK474","DSEN","freq50",0,6,0,0,0,0,NA,141.64039408867,1,0,10.7516519137265,1,"","",1,1
"ZSTK474","EN","freq50",42,40,2,2,1,1,7.13418441464886,8.79287827772676,0.0349844301756532,7.41042078134284,9.12851422639351,0.0327559009983342,"MAPK1;RB1;SRC","MYC;PIK3R1;TET2",0.109069105841742,0.103337068625697
"AS605240","DSEN","freq50",1,0,1,0,0,0,Inf,426.321252059308,0.00699928625699342,NA,139.790923824959,1,"AKT1","",0.0741924343241303,1
"AS605240","EN","freq50",7,17,2,1,2,1,57.1486234371506,64.8001502629602,0.00100190738334139,8.77479320791966,12.7448632668145,0.11397077400574,"AKT1;TP53","BRAF;NRAS;PIK3R1",0.00680783222014024,0.279650510291862
"Genentech Cpd 10","DSEN","freq50",15,0,2,0,0,0,21.9490755651371,26.3951637588001,0.0048276087831447,NA,139.790923824959,1,"NFATC2;SALL4","",0.0710731293074081,1
"Genentech Cpd 10","EN","freq50",50,30,4,4,3,1,12.484646814749,13.8747785948151,0.000420531386953813,21.7918195825779,24.035412213031,5.87602600445268e-05,"CDH1;CTNNB1;MAP2K1;MAPK1;SALL4","BCL2;CHEK2;ERBB3;KDM5C;NOTCH1;RB1",0.00327767110419884,0.000556123889707128
"GSK1070916","DSEN","freq50",45,42,2,3,1,2,6.6348743190672,8.18590291631044,0.0396822617895167,10.8654750230877,12.4968613395761,0.00330411636968632,"AKT1;ARHGAP26;IKZF1;LPP","BAX;CHEK2;CTNNB1;MSH2",0.184487708319683,0.0515053434098162
"GSK1070916","EN","freq50",49,37,0,4,1,0,0,1.42908560149939,1,17.1782914200942,19.0099992647599,0.000136185526390193,"","BAX;CHEK2;NOTCH1;PIK3R1",1,0.00112778639041879
"AKT inhibitor VIII_repl_228","DSEN","freq50",3,1,0,0,0,0,0,20.2329345531316,1,0,46.5958941112912,1,"","",1,1
"AKT inhibitor VIII_repl_228","EN","freq50",46,36,2,3,2,1,6.48392847557289,8.00176432352122,0.0412984554655219,12.8407411046804,14.7371570950485,0.0021203379163857,"ETNK1;JUN;MAPK1","HRAS;NOTCH1;PIK3R1;SMAD4",0.122967311217565,0.0112377909568442
"Enzastaurin","DSEN","freq50",20,23,1,1,1,1,7.48763574973037,10.9264985426435,0.131083952970836,6.3809836849932,9.34493224932249,0.151024086362041,"AKT1;NDRG1","LCK;RB1",0.390306152104175,0.727661507017107
"Enzastaurin","EN","freq50",22,32,1,2,2,1,6.77362675090947,9.9096203210605,0.143210672666564,9.38835023934642,11.525018051507,0.0216129792734696,"AKT1;NDRG1","LCK;NOTCH1;RB1",0.335848037669375,0.0743823312658369
"GSK429286A","DSEN","freq50",18,19,2,3,0,1,17.8385695623757,21.5945404457801,0.00693791040798977,26.4694211146363,29.9326985071666,0.000314558523815727,"CDH1;CTNNB1;ERBB3","BAX;CHEK2;PTEN",0.0741924343241303,0.0131693000047164
"GSK429286A","EN","freq50",15,11,2,2,1,1,21.9490755651371,26.3951637588001,0.0048276087831447,31.2996152738461,37.0194041384047,0.00264278531660112,"CDH1;CTNNB1;ERBB3","BAX;NOTCH1",0.0241380439157235,0.0132139265830056
"FMK","DSEN","freq50",0,0,0,0,0,0,NA,141.64039408867,1,NA,139.790923824959,1,"","",1,1
"FMK","EN","freq50",0,0,0,0,0,0,NA,141.64039408867,1,NA,139.790923824959,1,"","",1,1
"QL-XII-47","DSEN","freq50",1,0,1,0,0,0,Inf,426.321252059308,0.00699928625699342,NA,139.790923824959,1,"ERBB3","",0.0741924343241303,1
"QL-XII-47","EN","freq50",10,13,3,2,1,0,61.3262263814189,66.7457158651189,3.92868457215732e-05,25.5882114459023,30.579828356621,0.00371301524689553,"CTNNB1;ERBB3;MAPK1","MYC;RB1;TET2",0.000547948111379837,0.0182212785264318
"Idelalisib","DSEN","freq50",7,7,0,0,1,1,0,9.44116037219485,1,0,9.31788222582388,1,"ETNK1","CTNNB1",1,1
"Idelalisib","EN","freq50",28,18,0,1,0,1,0,2.48330596606459,1,8.2603669739856,12.0163066202091,0.120256406067796,"ETNK1","PIK3R1",1,0.287098627098793
"UNC0638_repl_245","DSEN","freq50",0,1,0,0,0,0,NA,141.64039408867,1,0,46.5958941112912,1,"","",1,1
"UNC0638_repl_245","EN","freq50",12,29,3,6,4,1,47.6872257911673,52.6915422885572,7.12808972919286e-05,37.2075650018724,39.4114647441533,5.01557328771736e-08,"AKT1;CTNNB1;EGFR;VHL","ATM;BCL2;KMT2D;MYC;NOTCH1;PIK3R1;RB1;TET2",0.000726516837783119,4.430423070817e-06
"Cabozantinib","DSEN","freq50",5,1,1,0,0,0,35.5597897383534,47.3646348160351,0.0345115151459691,0,46.5958941112912,1,"SRC","",0.163313419887175,1
"Cabozantinib","EN","freq50",5,4,0,1,0,0,0,12.8749067024929,1,46.7699032668444,60.1010452961672,0.0280661852089512,"","BAX",1,0.0916444883053665
"WZ3105","DSEN","freq50",5,8,0,0,0,0,0,12.8749067024929,1,0,8.22147011154543,1,"","",1,1
"WZ3105","EN","freq50",2,12,0,1,1,0,0,28.3267651888342,1,12.7635970785077,18.2882290562036,0.0818647799103389,"","NOTCH1",1,0.208597756502306
"XMD14-99","DSEN","freq50",13,4,1,0,0,1,11.8554864714874,17.0481054365733,0.0872774300183983,0,15.5308842067351,1,"TP53","",0.282055109205799,1
"XMD14-99","EN","freq50",35,18,1,1,0,2,4.18287015567537,6.17369815915765,0.218025367286969,8.2603669739856,12.0163066202091,0.120256406067796,"STAG2;TP53","BAX",0.485518675050814,0.287098627098793
"Quizartinib","DSEN","freq50",0,0,0,0,0,0,NA,141.64039408867,1,NA,139.790923824959,1,"","",1,1
"Quizartinib","EN","freq50",0,0,0,0,0,0,NA,141.64039408867,1,NA,139.790923824959,1,"","",1,1
"CP724714","DSEN","freq50",0,1,0,0,0,0,NA,141.64039408867,1,0,46.5958941112912,1,"","",1,1
"CP724714","EN","freq50",16,26,0,1,1,1,0,4.29054087674777,1,5.61498106179818,8.24495456719273,0.168967392395749,"CDH1","CDK12;ERBB2",1,0.367019335941586
"JW-7-24-1","DSEN","freq50",3,0,1,0,0,0,71.0990860703565,85.2602965403624,0.0208517083700367,NA,139.790923824959,1,"ERBB3","",0.115118806626244,1
"JW-7-24-1","EN","freq50",55,35,6,4,2,1,17.6948795738492,18.951542222899,2.43185999976372e-06,18.2798712052391,20.2179216514192,0.000109177826394335,"CTNNB1;ERBB3;IRS4;MAP2K1;MAPK1;SALL4","CHEK2;KMT2D;MYC;PIK3R1;RB1",5.37035749947821e-05,0.00093329432240319
"NPK76-II-72-1","DSEN","freq50",9,1,1,0,0,1,17.7826946781057,25.0730690958426,0.0612639240628351,0,46.5958941112912,1,"NDRG1;NFATC2","",0.23192771252359,1
"NPK76-II-72-1","EN","freq50",5,8,0,4,2,0,0,12.8749067024929,1,141.332812540328,141.614121510673,1.69760563001029e-07,"","CHEK2;KMT2D;NOTCH1;TET2",1,7.49775819921213e-06
"STF-62247","DSEN","freq50",2,2,1,0,0,0,141.798984214153,142.103789126853,0.0139497425329623,0,27.9568881685575,1,"NFATC2","",0.0999103181414869,1
"STF-62247","EN","freq50",9,16,2,3,0,0,40.7002795699349,47.5179063360882,0.00170171762596939,32.6039552781532,36.5869552039765,0.000184677360449919,"CTNNB1;NFATC2","PIK3R1;TET2;VHL",0.0104199811474118,0.00139827144340653
"NG-25","DSEN","freq50",1,0,0,0,0,0,0,47.2123700054735,1,NA,139.790923824959,1,"","",1,1
"NG-25","EN","freq50",3,3,0,0,0,1,0,20.2329345531316,1,0,19.9687427645288,1,"IKZF1","",1,1
"TL-1-85","DSEN","freq50",13,18,1,1,0,1,11.8554864714874,17.0481054365733,0.0872774300183983,8.2603669739856,12.0163066202091,0.120256406067796,"AKT1;IKZF1","ATM",0.282055109205799,0.632487953053609
"TL-1-85","EN","freq50",59,60,5,4,0,3,13.3315555116036,14.5144200578947,5.97210854724369e-05,10.1171086649808,11.2653995379049,0.000884794114391276,"AKT1;CTNNB1;ELF4;ERBB2;IKZF1;KRAS;RB1","ATM;BAX;CHEK2;GPC5",0.000633043506007831,0.00532887364349291
"VX-11e","DSEN","freq50",5,7,1,0,3,0,35.5597897383534,47.3646348160351,0.0345115151459691,0,9.31788222582388,1,"AKT1","BRAF;MAP2K1;SYK",0.163313419887175,1
"VX-11e","EN","freq50",5,11,2,0,4,1,95.3446333218756,101.833530106257,0.000481544201548748,0,6.07631597491368,1,"AKT1;TP53","BRAF;KRAS;MAP2K1;SYK",0.00354470037251162,1
"FR-180204","DSEN","freq50",12,1,0,0,0,0,0,5.664039408867,1,0,46.5958941112912,1,"","",1,1
"FR-180204","EN","freq50",0,1,0,0,0,0,NA,141.64039408867,1,0,46.5958941112912,1,"","",1,1
"Tubastatin A","DSEN","freq50",1,0,0,0,0,0,0,47.2123700054735,1,NA,139.790923824959,1,"","",1,1
"Tubastatin A","EN","freq50",39,53,3,5,1,1,11.9276159659382,13.7056498330266,0.00257507682503173,14.8073275941946,16.095806654325,3.76957939369242e-05,"AKT1;CTNNB1;ELF4","CHEK2;MYC;PIK3R1;RB1;SLC34A2;TET2",0.0148346817094219,0.0004408867788733
"Zibotentan","DSEN","freq50",0,0,0,0,0,0,NA,141.64039408867,1,NA,139.790923824959,1,"","",1,1
"Zibotentan","EN","freq50",0,0,0,0,0,0,NA,141.64039408867,1,NA,139.790923824959,1,"","",1,1
"Sepantronium bromide","DSEN","freq50",5,2,0,0,0,0,0,12.8749067024929,1,0,27.9568881685575,1,"","",1,1
"Sepantronium bromide","EN","freq50",3,2,0,0,1,0,0,20.2329345531316,1,0,27.9568881685575,1,"","MYC",1,1
"NSC-207895","DSEN","freq50",1,0,0,0,0,0,0,47.2123700054735,1,NA,139.790923824959,1,"","",1,1
"NSC-207895","EN","freq50",19,7,0,2,1,0,0,3.63020504399815,1,56.3764233649383,63.9485392258639,0.00102817446677023,"","DDX10;FOXO1",1,0.00579715390838535
"VNLG/124","DSEN","freq50",16,8,1,1,0,0,9.48613201867949,13.7475155444545,0.106314913162973,20.0578431616269,28.0445528455285,0.0553471454579407,"SRC","TET2",0.323832781473423,0.349214132056055
"VNLG/124","EN","freq50",1,6,0,1,0,0,0,47.2123700054735,1,28.0886098655739,38.2443458980044,0.0418034352858845,"","TET2",1,0.125885344894993
"AR-42","DSEN","freq50",12,14,2,4,1,1,28.5516118734589,33.9390003935458,0.00307682381938696,56.7488443972792,60.6833216045039,2.34725527101381e-06,"AKT1;NDRG1;WWTR1","CHEK2;ESR1;PTEN;RB1",0.0509598945085966,0.00062202264681866
"AR-42","EN","freq50",47,35,6,7,3,1,21.1600188436958,22.6090492623761,9.44060433329119e-07,35.7728386249824,37.6167408571179,4.77824150425569e-09,"AKT1;CTNNB1;EGFR;ERBB3;NFE2L2;WWTR1","CHEK2;ESR1;KMT2D;MYC;PTEN;RB1;SLC34A2;TET2",2.50176014832216e-05,1.26623399862776e-06
"CUDC-101","DSEN","freq50",2,0,1,0,0,0,141.798984214153,142.103789126853,0.0139497425329623,NA,139.790923824959,1,"WWTR1","",0.0999103181414869,1
"CUDC-101","EN","freq50",32,38,5,5,6,2,26.6625992598651,28.7829716193656,2.80335240709084e-06,21.553057370329,23.3109985492636,7.19230281486801e-06,"AKT1;CTNNB1;NFE2L2;SRC;VHL;WWTR1","CHEK2;ESR1;KMT2D;LCK;MYC;NOTCH1;SYK;TET2",5.71452606060824e-05,0.000146612326610771
"Belinostat","DSEN","freq50",2,1,1,0,0,0,141.798984214153,142.103789126853,0.0139497425329623,0,46.5958941112912,1,"WWTR1","",0.0999103181414869,1
"Belinostat","EN","freq50",29,36,4,5,3,0,22.975684785028,25.3133992365665,4.86788862273983e-05,22.9268118496918,24.792212546743,5.46496474523672e-06,"AKT1;CTNNB1;ERBB3;WWTR1","CHEK2;KMT2D;LCK;MYC;RB1;SLC34A2;TET2",0.000608553466672465,0.000120684638123977
"I-BET-762","DSEN","freq50",8,9,3,2,0,0,85.8585660694664,91.0211065882708,1.85256049724447e-05,40.2258141796452,46.8934203371398,0.00174611762623947,"CTNNB1;EGFR;WWTR1","CHEK2;PTEN",0.00163642843923262,0.038560097579455
"I-BET-762","EN","freq50",4,9,1,3,2,0,47.3835378916262,60.8987997175806,0.027705520957085,70.6208249980108,76.0006294850812,2.87415895611584e-05,"CTNNB1","CHEK2;KMT2D;MYC;TET2",0.0884573861882835,0.000380826061685349
"CAY10603","DSEN","freq50",12,11,2,2,1,1,28.5516118734589,33.9390003935458,0.00307682381938696,31.2996152738461,37.0194041384047,0.00264278531660112,"ERBB3;NDRG1;WWTR1","CHEK2;ESR1",0.0509598945085966,0.0437711318062061
"CAY10603","EN","freq50",48,48,7,6,3,2,24.743835581281,26.1750531537916,4.42288493538584e-08,20.374506475609,21.7826154594069,1.1570277065818e-06,"AKT1;CDH1;CTNNB1;EGFR;ERBB3;NFE2L2;SRC;WWTR1","CHEK2;ESR1;KMT2D;MYC;RB1;SLC34A2;TET2",3.90688169292415e-06,3.40680380271309e-05
"Linifanib","DSEN","freq50",0,0,0,0,0,0,NA,141.64039408867,1,NA,139.790923824959,1,"","",1,1
"Linifanib","EN","freq50",5,9,0,1,0,0,0,12.8749067024929,1,17.5454754554985,24.7446197991392,0.0620472739369036,"","BAX",1,0.169510593745149
"BIX02189","DSEN","freq50",10,5,1,1,0,1,15.8080635299606,22.4332784184514,0.0678357683674803,35.093889682082,46.7441734417344,0.0349591741093553,"NDRG1;SRC","ATM",0.242925386721382,0.264690889685119
"BIX02189","EN","freq50",36,56,3,5,5,1,13.0102213561238,14.9340610380931,0.00204315711982797,13.9381218274006,15.1571312039155,4.93129181603934e-05,"AKT1;CTNNB1;RB1;SRC","BAX;CCND3;CREBBP;KMT2D;MYC;NOTCH1;PTEN",0.0120319252612091,0.000510895363475535
"Alectinib","DSEN","freq50",17,5,0,0,1,2,0,4.04527328172648,1,0,12.70679239723,1,"BCOR;STAG2","STAT3",1,1
"Alectinib","EN","freq50",0,0,0,0,0,0,NA,141.64039408867,1,NA,139.790923824959,1,"","",1,1
"Pelitinib","DSEN","freq50",5,5,1,0,1,0,35.5597897383534,47.3646348160351,0.0345115151459691,0,12.70679239723,1,"MAPK1","SYK",0.163313419887175,1
"Pelitinib","EN","freq50",9,34,1,1,3,1,17.7826946781057,25.0730690958426,0.0612639240628351,4.25317823680848,6.27484528576629,0.214989545725558,"MAPK1;RB1","LCK;NOTCH1;SYK",0.169113957048451,0.438247920132869
"Omipalisib","DSEN","freq50",6,13,0,0,0,0,0,10.893899204244,1,0,5.1758809052164,1,"","",1,1
"Omipalisib","EN","freq50",31,33,1,3,1,0,4.7408661291772,6.9840116671618,0.19572681090304,14.1299560414911,16.1878404121167,0.00164584444337928,"MAPK1","MYC;PIK3R1;RB1;TET2",0.443312862301757,0.00908643286448975
"KIN001-236","DSEN","freq50",1,0,0,0,0,0,0,47.2123700054735,1,NA,139.790923824959,1,"","",1,1
"KIN001-236","EN","freq50",35,24,2,3,3,0,8.64704726327498,10.6319230294807,0.0249586520748413,20.1831983188303,22.9689414988772,0.000640015731266305,"CTNNB1;SRC","BCL2;CCND3;NOTCH1;RB1;TET2",0.0858966597380904,0.00394428299501328
"KIN001-244","DSEN","freq50",8,1,1,0,0,1,20.3254716325375,28.4168039538715,0.0546459011254056,0,46.5958941112912,1,"ELF4","",0.219411572700492,1
"KIN001-244","EN","freq50",42,27,3,4,2,1,11.0109694830726,12.6638327350589,0.00318513915338407,24.6327959903448,27.1056493030081,3.82656449588147e-05,"CTNNB1;ELF4;SRC","CCND3;KMT2D;PIK3R1;RB1;TET2",0.0175846224093079,0.0004408867788733
"WHI-P97","DSEN","freq50",5,4,0,0,1,0,0,12.8749067024929,1,0,15.5308842067351,1,"","EGFR",1,1
"WHI-P97","EN","freq50",5,7,0,0,1,1,0,12.8749067024929,1,0,9.31788222582388,1,"PTEN","EGFR",1,1
"KIN001-260","DSEN","freq50",1,0,0,0,0,0,0,47.2123700054735,1,NA,139.790923824959,1,"","",1,1
"KIN001-260","EN","freq50",41,38,6,3,1,1,24.7647157523839,26.4339773987307,4.0951335698097e-07,12.106616737656,13.9062492796386,0.00247918581349168,"AKT1;CTNNB1;ELF4;ERBB2;PIK3CA;SRC","DNM2;MYC;PTEN;TET2",1.55030056571367e-05,0.0128820439328489
"KIN001-266","DSEN","freq50",7,12,0,0,0,0,0,9.44116037219485,1,0,5.59008103727715,1,"","",1,1
"KIN001-266","EN","freq50",12,15,0,0,0,0,0,5.664039408867,1,0,4.50781617608616,1,"","",1,1
"Masitinib","DSEN","freq50",3,8,0,2,0,0,0,20.2329345531316,1,46.9179396526189,54.1090475592923,0.00136447850697762,"","CHEK2;RB1",1,0.0328715276680973
"Masitinib","EN","freq50",10,4,0,0,0,0,0,6.74321682696067,1,0,15.5308842067351,1,"","",1,1
"Amuvatinib","DSEN","freq50",19,10,3,3,1,2,26.822710643384,30.332629780391,0.000302756939825307,60.4729312166806,65.86568466994,4.08435853981049e-05,"CTNNB1;EGFR;EPAS1;MYH9","BCL2;CDC73;CHEK2;PTEN",0.0133717648422844,0.00332081986259098
"Amuvatinib","EN","freq50",6,4,2,0,1,0,71.330882759973,79.2020202020202,0.000718973537372626,0,15.5308842067351,1,"CTNNB1;EGFR","BCL2",0.00501389440536174,1
"MPS-1-IN-1","DSEN","freq50",3,2,1,0,0,1,71.0990860703565,85.2602965403624,0.0208517083700367,0,27.9568881685575,1,"AKT1;NDRG1","",0.115118806626244,1
"MPS-1-IN-1","EN","freq50",23,9,2,2,0,0,13.585671228936,16.5706323275034,0.0112117087816955,40.2258141796452,46.8934203371398,0.00174611762623947,"AKT1;SRC","BAX;PTEN",0.0457092742638355,0.00944328920313183
"NVP-BHG712","DSEN","freq50",7,11,1,2,0,2,23.7016996883841,32.7893803066785,0.0479813761484129,31.2996152738461,37.0194041384047,0.00264278531660112,"AKT1;IKZF1;NRG1","ATM;RB1",0.205081688376281,0.0437711318062061
"NVP-BHG712","EN","freq50",43,42,4,2,5,4,14.7299755559091,16.3362539227869,0.000234178235613018,7.04060109745139,8.67732060499869,0.0358262003906563,"AKT1;ELF4;ERBB2;IKZF1;RB1;TP53","KMT2D;MYC;NOTCH1;NRAS;SYK",0.0019392885136703,0.111693448276752
"OSI-930","DSEN","freq50",5,2,1,0,0,1,35.5597897383534,47.3646348160351,0.0345115151459691,0,27.9568881685575,1,"NRG1;SRC","",0.163313419887175,1
"OSI-930","EN","freq50",12,22,2,1,1,0,28.5516118734589,33.9390003935458,0.00307682381938696,6.68500303151461,9.77980714690868,0.144957580981894,"CTNNB1;SRC","NT5C2;PIK3R1",0.0173480491944159,0.325540330171202
"OSI-027","DSEN","freq50",0,0,0,0,0,0,NA,141.64039408867,1,NA,139.790923824959,1,"","",1,1
"OSI-027","EN","freq50",44,43,5,5,2,2,18.4781282707131,20.0331987912343,1.41143547723241e-05,18.7033478026134,20.2812426453283,1.33987486703211e-05,"CTNNB1;ERBB3;MAP2K1;MAPK1;NFE2L2;POLG","CHEK2;KMT2D;MYC;PIK3R1;RB1;TET2",0.000267164572476134,0.000221916774852193
"CX-5461","DSEN","freq50",21,10,3,1,0,1,23.8511751266654,27.0521715745596,0.000411263544765921,15.6010127550251,22.1394094993582,0.06870003369251,"MECOM;TP53;WWTR1","MSH2",0.0155692627661384,0.413761566557162
"CX-5461","EN","freq50",4,2,1,0,0,1,47.3835378916262,60.8987997175806,0.027705520957085,0,27.9568881685575,1,"TP53","",0.0884573861882835,1
"PHA-793887","DSEN","freq50",10,19,1,1,0,0,15.8080635299606,22.4332784184514,0.0678357683674803,7.79970069355471,11.3665128543177,0.126497590610722,"AKT1","MSH2",0.242925386721382,0.632487953053609
"PHA-793887","EN","freq50",51,47,4,4,2,0,12.2188053327427,13.5823627287854,0.000453824962834396,13.1762578675778,14.6364871751316,0.000347868302011375,"AKT1;CTNNB1;MAPK1;NFATC2","CHEK2;KMT2D;MSH2;MYC;SLC34A2",0.00343610329003186,0.00242592368507933
"PI-103","DSEN","freq50",13,13,1,2,0,0,11.8554864714874,17.0481054365733,0.0872774300183983,25.5882114459023,30.579828356621,0.00371301524689553,"ERBB3","FANCG;STK11",0.282055109205799,0.0546638355792953
"PI-103","EN","freq50",34,54,6,7,4,3,30.9816696097497,32.9318816303741,1.27635246307311e-07,21.3168970703346,22.5600942655145,1.12143819809735e-07,"CBLB;CTNNB1;ERBB3;KDR;MAPK1;POLG;SRC;SUZ12","CHEK2;CREBBP;KMT2D;MYC;RB1;STK11;TCF3;TET2",6.76466805428747e-06,5.94362244991597e-06
"PIK-93","DSEN","freq50",1,0,0,0,0,0,0,47.2123700054735,1,NA,139.790923824959,1,"","",1,1
"PIK-93","EN","freq50",47,44,3,6,4,0,9.75688231944541,11.2396258408333,0.0043847438881882,22.5161010457568,24.0479768165719,6.81606276079594e-07,"CTNNB1;KDR;SRC","ATM;CCND3;EZH2;KMT2D;NOTCH1;SLC34A2;TET2",0.0223453294301898,2.58036661658703e-05
"SB52334","DSEN","freq50",2,1,0,1,0,0,0,28.3267651888342,1,Inf,420.736585365854,0.0070913821287959,"","ATM",1,0.0854189210968597
"SB52334","EN","freq50",7,2,0,0,0,0,0,9.44116037219485,1,0,27.9568881685575,1,"","",1,1
"TPCA-1","DSEN","freq50",8,1,1,0,0,1,20.3254716325375,28.4168039538715,0.0546459011254056,0,46.5958941112912,1,"AKT1;NDRG1","",0.219411572700492,1
"TPCA-1","EN","freq50",4,5,1,2,1,0,47.3835378916262,60.8987997175806,0.027705520957085,94.0259992691488,100.495222558844,0.000494229607335599,"AKT1","KMT2D;PTEN",0.0884573861882835,0.00319441087668131
"Fedratinib","DSEN","freq50",6,0,0,0,0,1,0,10.893899204244,1,NA,139.790923824959,1,"NDRG1","",1,1
"Fedratinib","EN","freq50",69,47,8,5,2,1,19.0726108937099,20.0760772700476,3.03341784332341e-08,16.9216866513031,18.3707142164938,2.08621162610825e-05,"AKT1;BCL11A;BRAF;CTNNB1;ERBB2;ERBB3;IRS4;MAPK1","BCL2;CHEK2;KMT2D;PIK3R1;PTEN;TET2",3.90688169292415e-06,0.000325203577010991
"WIKI4","DSEN","freq50",1,0,0,0,0,0,0,47.2123700054735,1,NA,139.790923824959,1,"","",1,1
"WIKI4","EN","freq50",60,18,7,2,1,4,19.1459417255065,20.2983585957748,2.15927748018754e-07,17.6008762605,21.3107420040536,0.00711502895078433,"CBLB;CDH1;ERBB2;ERBB3;ESR1;GATA3;KMT2A;PIK3CA;SRC","BAX;KMT2D",9.5368088708283e-06,0.030909551999309
"Y-39983","DSEN","freq50",8,1,1,0,0,1,20.3254716325375,28.4168039538715,0.0546459011254056,0,46.5958941112912,1,"ELF4","",0.219411572700492,1
"Y-39983","EN","freq50",40,30,4,4,3,1,15.9559414684465,17.6801905499966,0.000176301723487955,21.7918195825779,24.035412213031,5.87602600445268e-05,"CTNNB1;ELF4;ERBB3;SRC","BAX;CHEK2;MAP2K2;MYC;NOTCH1;PTEN",0.00150709537820349,0.000556123889707128
"YM201636","DSEN","freq50",2,1,0,0,0,0,0,28.3267651888342,1,0,46.5958941112912,1,"","",1,1
"YM201636","EN","freq50",28,16,4,2,1,0,23.926583198323,26.3472104315936,4.21965383542465e-05,20.1203062439761,24.2512797434888,0.00563276554675145,"CTNNB1;EGFR;KDR;SRC","CCND3;CHEK2;TET2",0.000559104133193766,0.0266550512480203
"Tivozanib","DSEN","freq50",0,0,0,0,0,0,NA,141.64039408867,1,NA,139.790923824959,1,"","",1,1
"Tivozanib","EN","freq50",3,1,0,0,0,0,0,20.2329345531316,1,0,46.5958941112912,1,"","",1,1
"GSK690693","DSEN","freq50",2,0,0,0,0,0,0,28.3267651888342,1,NA,139.790923824959,1,"","",1,1
"GSK690693","EN","freq50",32,26,1,2,4,0,4.58776771142224,6.76214011139876,0.201360169952979,11.7349493559041,14.3494689882478,0.0145611482728988,"KDR","BCL2;EZH2;PTEN;SYK;XPO1",0.452207161335081,0.055124347033117
"QL-XI-92","DSEN","freq50",29,20,3,1,0,1,16.5178590959665,18.8819737789042,0.00108407865098662,7.38959197201938,10.7833646028768,0.132694640919191,"CCND1;ERBB3;ETNK1;SRC","RB1",0.0287280842511455,0.651186663770105
"QL-XI-92","EN","freq50",1,5,1,0,0,1,Inf,426.321252059308,0.00699928625699342,0,12.70679239723,1,"TP53","",0.0299163041629557,1
"XMD13-2","DSEN","freq50",9,0,1,0,0,0,17.7826946781057,25.0730690958426,0.0612639240628351,NA,139.790923824959,1,"NFATC2","",0.23192771252359,1
"XMD13-2","EN","freq50",50,29,3,6,3,0,9.13465000271345,10.5290215588723,0.00521912009933691,37.2075650018724,39.4114647441533,5.01557328771736e-08,"BRAF;KDR;NFATC2","CHEK2;KMT2D;MSH2;MYC;NOTCH1;RB1;TET2",0.0256123486356348,4.430423070817e-06
"QL-X-138","DSEN","freq50",1,0,0,0,0,0,0,47.2123700054735,1,NA,139.790923824959,1,"","",1,1
"QL-X-138","EN","freq50",47,26,6,4,3,1,21.1600188436958,22.6090492623761,9.44060433329119e-07,25.749874009298,28.3110016420361,3.27793398037933e-05,"BRAF;CTNNB1;ERBB3;MAP2K1;MAPK1;POLG;WWTR1","CHEK2;HOXA13;KMT2D;MYC;PIK3R1;TET2",2.50176014832216e-05,0.00041364404990501
"XMD15-27","DSEN","freq50",28,8,0,1,0,2,0,2.48330596606459,1,20.0578431616269,28.0445528455285,0.0553471454579407,"BCOR;STAG2","CHEK2",1,0.349214132056055
"XMD15-27","EN","freq50",7,3,0,0,0,0,0,9.44116037219485,1,0,19.9687427645288,1,"","",1,1
"T0901317","DSEN","freq50",0,0,0,0,0,0,NA,141.64039408867,1,NA,139.790923824959,1,"","",1,1
"T0901317","EN","freq50",2,3,1,0,1,0,141.798984214153,142.103789126853,0.0139497425329623,0,19.9687427645288,1,"CTNNB1","MYC",0.0535750981338408,1
"Selisistat","DSEN","freq50",0,0,0,0,0,0,NA,141.64039408867,1,NA,139.790923824959,1,"","",1,1
"Selisistat","EN","freq50",0,0,0,0,0,0,NA,141.64039408867,1,NA,139.790923824959,1,"","",1,1
"THZ-2-49","DSEN","freq50",6,1,0,0,0,0,0,10.893899204244,1,0,46.5958941112912,1,"","",1,1
"THZ-2-49","EN","freq50",34,33,3,4,2,2,13.8578142560146,15.8829924451815,0.00173011007730611,19.5466687411162,21.5896301244051,8.62812495497367e-05,"CTNNB1;EGFR;NFE2L2;RB1","ATM;CHEK2;KMT2D;MYC;PIK3R1",0.0104199811474118,0.000762151037689341
"KIN001-270","DSEN","freq50",1,0,0,0,0,0,0,47.2123700054735,1,NA,139.790923824959,1,"","",1,1
"KIN001-270","EN","freq50",31,19,3,1,1,0,15.3388228130088,17.5561083471531,0.00131988343528587,7.79970069355471,11.3665128543177,0.126497590610722,"CTNNB1;KRAS;SRC","ID3;MYC",0.00832783596073227,0.29665364169771
"AICA Ribonucleotide","DSEN","freq50",4,9,0,1,0,0,0,15.7363619777413,1,17.5454754554985,24.7446197991392,0.0620472739369036,"","KAT6B",1,0.382384362634406
"AICA Ribonucleotide","EN","freq50",24,50,2,5,3,1,12.9707416385714,15.8337924701561,0.0121749354987419,15.7934365009289,17.1582634828104,2.83194256745419e-05,"CTNNB1;MAPK1;STK11","ASXL1;BAX;BCL2;KAT6B;NOTCH1;PTEN;SRC",0.0488842107146455,0.000380826061685349
"Camptothecin","DSEN","freq50",13,3,1,0,0,1,11.8554864714874,17.0481054365733,0.0872774300183983,0,19.9687427645288,1,"LRP1B;MDM2","",0.282055109205799,1
"Camptothecin","EN","freq50",10,2,0,1,0,0,0,6.74321682696067,1,140.016396193431,140.242276422764,0.0141326386747607,"","KDM5C",1,0.0542775253450953
"Vinblastine","DSEN","freq50",27,19,2,0,0,0,11.4156483709402,13.9700210662778,0.0152718134091619,0,3.58280347421352,1,"CTNNB1;KIT","",0.103770014190459,1
"Vinblastine","EN","freq50",39,23,2,1,1,2,7.71193124526118,9.4969696969697,0.0305218586640483,6.3809836849932,9.34493224932249,0.151024086362041,"APC;CDH1;CTNNB1;KIT","KMT2D",0.0962891969758667,0.336314141898663
"Cisplatin","DSEN","freq50",10,8,2,0,1,0,35.6741221294667,41.9265921244531,0.00211732532103134,0,8.22147011154543,1,"ETV5;SYK","WWTR1",0.0400779435766647,1
"Cisplatin","EN","freq50",30,18,3,3,2,0,15.9063162998899,18.194934418815,0.00119832525411695,28.2655714681833,31.8645794836598,0.000266286841553267,"CTNNB1;ETV5;SYK","ATRX;KDM5C;MAP2K4;WWTR1",0.0077452729839266,0.00196016702810044
"Cytarabine","DSEN","freq50",7,0,0,0,0,0,0,9.44116037219485,1,NA,139.790923824959,1,"","",1,1
"Cytarabine","EN","freq50",11,10,0,1,2,2,0,6.15670736060541,1,15.6010127550251,22.1394094993582,0.06870003369251,"CDKN2A;LRP1B","HRAS;KMT2D",1,0.182055089285151
"Docetaxel","DSEN","freq50",8,5,0,1,2,0,0,8.33024244180431,1,35.093889682082,46.7441734417344,0.0349591741093553,"","CDKN1A;WWTR1",1,0.264690889685119
"Docetaxel","EN","freq50",64,29,2,2,3,2,4.59974908079818,5.69487603305785,0.0741769689088764,10.4290442556813,12.7831825596915,0.0179387931735507,"ARID1B;BCL2;BRAF;ID3","CDKN2A;EGFR;MAPK1;NRG1;WWTR1",0.197058651291458,0.0660247248748739
"Methotrexate","DSEN","freq50",5,5,0,0,0,0,0,12.8749067024929,1,0,12.70679239723,1,"","",1,1
"Methotrexate","EN","freq50",22,24,2,2,2,0,14.2744499469027,17.3793590002016,0.0102839068410554,12.8020430047302,15.6257023744789,0.0124812305175056,"CTNNB1;ERBB3","BAX;MYC;NOTCH1",0.0425818017637449,0.0516800951115464
"Tretinoin","DSEN","freq50",5,3,0,1,0,0,0,12.8749067024929,1,70.1678740665494,84.1434146341463,0.0211241228056388,"","PTEN",1,0.186596418116476
"Tretinoin","EN","freq50",4,23,0,3,1,0,0,15.7363619777413,1,21.1993531110573,24.0899365294799,0.000562958828251733,"","BAX;BCL2;PTEN;TET2",1,0.00355200213063593
"Gefitinib","DSEN","freq50",0,1,0,0,1,0,NA,141.64039408867,1,0,46.5958941112912,1,"","EGFR",1,1
"Gefitinib","EN","freq50",3,6,0,0,1,0,0,20.2329345531316,1,0,10.7516519137265,1,"","EGFR",1,1
"Navitoclax","DSEN","freq50",35,12,1,3,1,0,4.18287015567537,6.17369815915765,0.218025367286969,47.0668256324818,51.9968128176415,7.40951622387871e-05,"MAPK1","BAX;BCL2;PTEN;RB1",0.621255078828461,0.00392704359865572
"Navitoclax","EN","freq50",64,32,1,6,3,3,2.25598960699959,3.35195682911959,0.362280562730394,32.9172185265372,34.9473569312334,9.39852060673094e-08,"ARID1A;CHD2;IKZF1;MAPK1","BAX;BCL2;CHEK2;NOTCH1;PIK3R1;PTEN;RB1;SYK",0.793424372921936,5.94362244991597e-06
"Vorinostat","DSEN","freq50",21,8,2,2,0,0,15.0237029657611,18.2710319983047,0.0093920734431067,46.9179396526189,54.1090475592923,0.00136447850697762,"AKT1;ERBB3","CHEK2;PTEN",0.0957269024008952,0.0328715276680973
"Vorinostat","EN","freq50",50,25,7,2,1,0,23.5989820728688,24.9704433497537,5.92866940982228e-08,12.2452962255063,14.9604317795287,0.0135036429824247,"AKT1;CTNNB1;ERBB3;KDR;KRAS;MAPK1;WWTR1","CHEK2;NRAS;PTEN",3.92774348400726e-06,0.0542191725809476
"Nilotinib","DSEN","freq50",11,10,1,2,0,1,14.2308518897012,20.2963050129442,0.0743617552043239,35.2051827281486,41.3755877554937,0.00217243613644981,"ELF4","BAX;CDKN1B",0.259287699067708,0.0411211125828
"Nilotinib","EN","freq50",6,10,1,1,0,1,28.4610286177919,38.7519844241426,0.0412700234676886,15.6010127550251,22.1394094993582,0.06870003369251,"ELF4","IKZF1",0.122967311217565,0.182055089285151
"Refametinib_repl_1014","DSEN","freq50",2,6,0,0,1,0,0,28.3267651888342,1,0,10.7516519137265,1,"","MAP2K1",1,1
"Refametinib_repl_1014","EN","freq50",1,7,1,1,4,0,Inf,426.321252059308,0.00699928625699342,23.3935098890477,32.3598499061914,0.0485993120890705,"MYC","ASXL1;BRAF;KRAS;MAP2K1;NRAS",0.0299163041629557,0.139987148952214
"CI-1040","DSEN","freq50",5,7,2,1,3,1,95.3446333218756,101.833530106257,0.000481544201548748,23.3935098890477,32.3598499061914,0.0485993120890705,"AKT1;TP53","BRAF;KRAS;MAP2K1;SMAD3",0.0159511516763023,0.330226094964197
"CI-1040","EN","freq50",1,6,0,1,4,0,0,47.2123700054735,1,28.0886098655739,38.2443458980044,0.0418034352858845,"","BRAF;CDKN2A;KRAS;MAP2K1;NRAS",1,0.125885344894993
"Temsirolimus","DSEN","freq50",0,0,0,0,0,0,NA,141.64039408867,1,NA,139.790923824959,1,"","",1,1
"Temsirolimus","EN","freq50",21,9,1,0,2,3,7.11402487347701,10.3932575240085,0.137168546947223,0,7.35588160027297,1,"APC;POLQ;RB1","CCND1;MAP2K1",0.327474458928055,1
"Olaparib_repl_1017","DSEN","freq50",1,2,0,0,1,0,0,47.2123700054735,1,0,27.9568881685575,1,"","FGFR2",1,1
"Olaparib_repl_1017","EN","freq50",0,0,0,0,0,0,NA,141.64039408867,1,NA,139.790923824959,1,"","",1,1
"Veliparib","DSEN","freq50",1,0,0,0,0,0,0,47.2123700054735,1,NA,139.790923824959,1,"","",1,1
"Veliparib","EN","freq50",0,0,0,0,0,0,NA,141.64039408867,1,NA,139.790923824959,1,"","",1,1
"Bosutinib","DSEN","freq50",1,0,0,0,0,0,0,47.2123700054735,1,NA,139.790923824959,1,"","",1,1
"Bosutinib","EN","freq50",12,11,0,2,3,2,0,5.664039408867,1,31.2996152738461,37.0194041384047,0.00264278531660112,"LRP1B;RB1","ASXL1;MAP2K1;MYB;NOTCH1",1,0.0132139265830056
"Lenalidomide","DSEN","freq50",0,0,0,0,0,0,NA,141.64039408867,1,NA,139.790923824959,1,"","",1,1
"Lenalidomide","EN","freq50",0,0,0,0,0,0,NA,141.64039408867,1,NA,139.790923824959,1,"","",1,1
"Axitinib","DSEN","freq50",0,0,0,0,0,0,NA,141.64039408867,1,NA,139.790923824959,1,"","",1,1
"Axitinib","EN","freq50",1,2,0,1,0,0,0,47.2123700054735,1,140.016396193431,140.242276422764,0.0141326386747607,"","ASXL1",1,0.0542775253450953
"AZD7762","DSEN","freq50",33,27,4,1,0,2,19.8094818524896,21.8790434022392,8.20394881049478e-05,5.39973606940776,7.93364012885412,0.174864092078798,"CTNNB1;ESR1;MDM2;WT1","RB1",0.00543511608695279,0.812964638611956
"AZD7762","EN","freq50",74,35,7,0,1,4,15.1453400483181,16.0830999066293,9.2541239854779e-07,0,1.96728833291483,1,"CTNNB1;ERBB3;ESR1;ETV5;MDM2;PDGFRA;PTPRB;RB1;WT1","MYC",2.50176014832216e-05,1
"GW441756","DSEN","freq50",7,9,1,0,0,0,23.7016996883841,32.7893803066785,0.0479813761484129,0,7.35588160027297,1,"PRDM16","",0.205081688376281,1
"GW441756","EN","freq50",0,0,0,0,0,0,NA,141.64039408867,1,NA,139.790923824959,1,"","",1,1
"Lestauritinib","DSEN","freq50",27,37,2,1,0,0,11.4156483709402,13.9700210662778,0.0152718134091619,3.89850829093675,5.75870364183094,0.23158510216524,"AKT1;ERBB3","BAX",0.103770014190459,1
"Lestauritinib","EN","freq50",38,47,4,1,0,4,16.8945291695244,18.7059972509585,0.000143972539352562,3.05027202810718,4.51922370836612,0.284418816576946,"AKT1;BAZ1A;CDH1;CTNNB1;ERBB3;RB1;TP53","BAX",0.00136259724744389,0.570992321158263
"SNX-2112","DSEN","freq50",3,0,0,0,0,0,0,20.2329345531316,1,NA,139.790923824959,1,"","",1,1
"SNX-2112","EN","freq50",4,3,1,1,1,0,47.3835378916262,60.8987997175806,0.027705520957085,70.1678740665494,84.1434146341463,0.0211241228056388,"CTNNB1","KMT2D",0.0884573861882835,0.0736564808354511
"THZ-2-102-1","DSEN","freq50",13,18,1,4,1,1,11.8554864714874,17.0481054365733,0.0872774300183983,40.4874098115266,43.9390181756412,7.01643741814462e-06,"NDRG1;WWTR1","CHEK2;ESR1;KEAP1;MSH2",0.282055109205799,0.000929677957904163
"THZ-2-102-1","EN","freq50",51,47,5,6,3,1,15.6580593637949,17.0146839714937,2.93318703569688e-05,20.8747644027975,22.3080155332072,1.01844307152822e-06,"AKT1;CTNNB1;KDR;POLG;SRC;WWTR1","ARHGEF12;CHEK2;KEAP1;KMT2D;MYC;NOTCH1;TET2",0.000431830313588707,3.37359267443724e-05
"SB216763","DSEN","freq50",5,14,0,1,1,1,0,12.8749067024929,1,10.8010517070901,15.5781391147245,0.0948440265163999,"MSH2","SMAD3;WWTR1",1,0.534758872911616
"SB216763","EN","freq50",1,7,0,1,1,0,0,47.2123700054735,1,23.3935098890477,32.3598499061914,0.0485993120890705,"","SMAD3;WWTR1",1,0.139987148952214
"Erlotinib","DSEN","freq50",0,0,0,0,0,0,NA,141.64039408867,1,NA,139.790923824959,1,"","",1,1
"Erlotinib","EN","freq50",0,1,0,0,0,0,NA,141.64039408867,1,0,46.5958941112912,1,"","",1,1
"Rapamycin","DSEN","freq50",2,3,1,0,0,0,141.798984214153,142.103789126853,0.0139497425329623,0,19.9687427645288,1,"AKT1","",0.0999103181414869,1
"Rapamycin","EN","freq50",0,0,0,0,0,0,NA,141.64039408867,1,NA,139.790923824959,1,"","",1,1
"Sunitinib","DSEN","freq50",2,3,0,1,0,0,0,28.3267651888342,1,70.1678740665494,84.1434146341463,0.0211241228056388,"","PTEN",1,0.186596418116476
"Sunitinib","EN","freq50",3,22,0,2,1,0,0,20.2329345531316,1,14.0872652879126,17.1509569092428,0.0105438970716609,"","BAX;PTEN;U2AF1",1,0.0443513130792086
"PHA-665752","DSEN","freq50",6,0,0,0,0,0,0,10.893899204244,1,NA,139.790923824959,1,"","",1,1
"PHA-665752","EN","freq50",0,0,0,0,0,0,NA,141.64039408867,1,NA,139.790923824959,1,"","",1,1
"MG-132","DSEN","freq50",68,52,1,2,0,1,2.12113927992354,3.15302947098664,0.379974711719068,5.63006311459946,6.95742412740458,0.0527020824297322,"ARHGAP5;PTPRD","NF1;PTEN",1,0.349151296096976
"MG-132","EN","freq50",3,1,0,0,0,0,0,20.2329345531316,1,0,46.5958941112912,1,"","",1,1
"Paclitaxel","DSEN","freq50",0,0,0,0,0,0,NA,141.64039408867,1,NA,139.790923824959,1,"","",1,1
"Paclitaxel","EN","freq50",2,2,0,0,0,0,0,28.3267651888342,1,0,27.9568881685575,1,"","",1,1
"Cyclopamine","DSEN","freq50",23,6,2,0,1,2,13.585671228936,16.5706323275034,0.0112117087816955,0,10.7516519137265,1,"AKT1;ELF4;MSH2","STAT3",0.0999103181414869,1
"Cyclopamine","EN","freq50",0,0,0,0,0,0,NA,141.64039408867,1,NA,139.790923824959,1,"","",1,1
"AZ628","DSEN","freq50",2,0,0,0,0,0,0,28.3267651888342,1,NA,139.790923824959,1,"","",1,1
"AZ628","EN","freq50",13,14,1,0,2,3,11.8554864714874,17.0481054365733,0.0872774300183983,0,4.81881182585369,1,"EXT2;RB1;TP53","MAP2K1;NRAS",0.226750185832113,1
"Sorafenib","DSEN","freq50",0,0,0,0,0,0,NA,141.64039408867,1,NA,139.790923824959,1,"","",1,1
"Sorafenib","EN","freq50",0,0,0,0,0,0,NA,141.64039408867,1,NA,139.790923824959,1,"","",1,1
"Tozasertib","DSEN","freq50",3,4,1,0,0,0,71.0990860703565,85.2602965403624,0.0208517083700367,0,15.5308842067351,1,"MAP2K1","",0.115118806626244,1
"Tozasertib","EN","freq50",0,1,0,0,0,0,NA,141.64039408867,1,0,46.5958941112912,1,"","",1,1
"Imatinib","DSEN","freq50",0,0,0,0,0,0,NA,141.64039408867,1,NA,139.790923824959,1,"","",1,1
"Imatinib","EN","freq50",39,29,1,1,0,1,3.74235832927548,5.53176148398554,0.239707671241241,5.0136137351878,7.37655113393239,0.186532667731467,"IKZF1;SYK","ASXL1",0.529354440657741,0.398638362490636
"NVP-TAE684","DSEN","freq50",0,0,0,0,0,0,NA,141.64039408867,1,NA,139.790923824959,1,"","",1,1
"NVP-TAE684","EN","freq50",33,25,0,1,3,2,0,2.11241820454378,1,5.84902224103704,8.58168242906919,0.163028690698717,"BCOR;STAG2","CDKN1A;MAP2K1;STAT3",1,0.357046306075702
"Crizotinib","DSEN","freq50",71,35,2,0,1,3,4.13207125486696,5.12045900469707,0.0886167640453156,0,1.96728833291483,1,"BCOR;EXT2;MAP2K1;PSIP1;STAG2","STAT3",0.282933041831429,1
"Crizotinib","EN","freq50",1,2,0,0,0,0,0,47.2123700054735,1,0,27.9568881685575,1,"","",1,1
"Saracatinib","DSEN","freq50",1,4,0,0,0,0,0,47.2123700054735,1,0,15.5308842067351,1,"","",1,1
"Saracatinib","EN","freq50",11,31,1,1,2,0,14.2308518897012,20.2963050129442,0.0743617552043239,4.67871733887882,6.89252299080368,0.198036761594469,"PDCD1LG2","ASXL1;ERG;NT5C2",0.197058651291458,0.419837934580274
"S-Trityl-L-cysteine","DSEN","freq50",2,0,0,0,0,0,0,28.3267651888342,1,NA,139.790923824959,1,"","",1,1
"S-Trityl-L-cysteine","EN","freq50",2,0,0,0,0,0,0,28.3267651888342,1,NA,139.790923824959,1,"","",1,1
"Z-LLNle-CHO","DSEN","freq50",0,0,0,0,0,0,NA,141.64039408867,1,NA,139.790923824959,1,"","",1,1
"Z-LLNle-CHO","EN","freq50",6,1,0,0,0,1,0,10.893899204244,1,0,46.5958941112912,1,"RB1","",1,1
"Dasatinib","DSEN","freq50",0,0,0,0,0,0,NA,141.64039408867,1,NA,139.790923824959,1,"","",1,1
"Dasatinib","EN","freq50",5,30,0,0,1,1,0,12.8749067024929,1,0,2.29006031298988,1,"CDKN2A","ERG",1,1
"GNF-2","DSEN","freq50",0,0,0,0,0,0,NA,141.64039408867,1,NA,139.790923824959,1,"","",1,1
"GNF-2","EN","freq50",22,18,1,1,0,1,6.77362675090947,9.9096203210605,0.143210672666564,8.2603669739856,12.0163066202091,0.120256406067796,"IKZF1;SYK","ASXL1",0.335848037669375,0.287098627098793
"CGP-60474","DSEN","freq50",0,0,0,0,0,0,NA,141.64039408867,1,NA,139.790923824959,1,"","",1,1
"CGP-60474","EN","freq50",1,5,0,0,0,0,0,47.2123700054735,1,0,12.70679239723,1,"","",1,1
"CGP-082996","DSEN","freq50",0,0,0,0,0,0,NA,141.64039408867,1,NA,139.790923824959,1,"","",1,1
"CGP-082996","EN","freq50",16,29,0,1,1,0,0,4.29054087674777,1,5.0136137351878,7.37655113393239,0.186532667731467,"","ID3;MYC",1,0.398638362490636
"A-770041","DSEN","freq50",0,0,0,0,0,0,NA,141.64039408867,1,NA,139.790923824959,1,"","",1,1
"A-770041","EN","freq50",0,0,0,0,0,0,NA,141.64039408867,1,NA,139.790923824959,1,"","",1,1
"WH-4-023","DSEN","freq50",0,0,0,0,0,0,NA,141.64039408867,1,NA,139.790923824959,1,"","",1,1
"WH-4-023","EN","freq50",7,15,0,0,0,1,0,9.44116037219485,1,0,4.50781617608616,1,"CDKN2A","",1,1
"WZ-1-84","DSEN","freq50",0,0,0,0,0,0,NA,141.64039408867,1,NA,139.790923824959,1,"","",1,1
"WZ-1-84","EN","freq50",0,0,0,0,0,0,NA,141.64039408867,1,NA,139.790923824959,1,"","",1,1
"BI-2536","DSEN","freq50",3,0,0,0,0,0,0,20.2329345531316,1,NA,139.790923824959,1,"","",1,1
"BI-2536","EN","freq50",6,22,1,3,2,0,28.4610286177919,38.7519844241426,0.0412700234676886,22.3048741904576,25.3259054093751,0.00049210470222266,"AKT1","DNM2;ERG;NOTCH1;PTPRB",0.122967311217565,0.00319441087668131
"BMS-536924_repl_62","DSEN","freq50",0,0,0,0,0,0,NA,141.64039408867,1,NA,139.790923824959,1,"","",1,1
"BMS-536924_repl_62","EN","freq50",1,10,0,0,0,0,0,47.2123700054735,1,0,6.65516709114764,1,"","",1,1
"BMS-509744","DSEN","freq50",0,0,0,0,0,0,NA,141.64039408867,1,NA,139.790923824959,1,"","",1,1
"BMS-509744","EN","freq50",0,0,0,0,0,0,NA,141.64039408867,1,NA,139.790923824959,1,"","",1,1
"CMK","DSEN","freq50",0,0,0,0,0,0,NA,141.64039408867,1,NA,139.790923824959,1,"","",1,1
"CMK","EN","freq50",7,16,1,0,1,0,23.7016996883841,32.7893803066785,0.0479813761484129,0,4.2345169687147,1,"KIT","MYC",0.139725985487136,1
"Pyrimethamine","DSEN","freq50",0,0,0,0,0,0,NA,141.64039408867,1,NA,139.790923824959,1,"","",1,1
"Pyrimethamine","EN","freq50",0,0,0,0,0,0,NA,141.64039408867,1,NA,139.790923824959,1,"","",1,1
"JW-7-52-1","DSEN","freq50",2,2,1,0,0,0,141.798984214153,142.103789126853,0.0139497425329623,0,27.9568881685575,1,"AKT1","",0.0999103181414869,1
"JW-7-52-1","EN","freq50",1,0,1,0,0,0,Inf,426.321252059308,0.00699928625699342,NA,139.790923824959,1,"AKT1","",0.0299163041629557,1
"A-443654","DSEN","freq50",0,0,0,0,0,0,NA,141.64039408867,1,NA,139.790923824959,1,"","",1,1
"A-443654","EN","freq50",0,0,0,0,0,0,NA,141.64039408867,1,NA,139.790923824959,1,"","",1,1
"GW843682X","DSEN","freq50",0,0,0,0,0,0,NA,141.64039408867,1,NA,139.790923824959,1,"","",1,1
"GW843682X","EN","freq50",9,8,1,1,1,1,17.7826946781057,25.0730690958426,0.0612639240628351,20.0578431616269,28.0445528455285,0.0553471454579407,"AKT1;ARID1A","NOTCH1",0.169113957048451,0.154389405751098
"Entinostat","DSEN","freq50",0,0,0,0,0,0,NA,141.64039408867,1,NA,139.790923824959,1,"","",1,1
"Entinostat","EN","freq50",0,0,0,0,0,0,NA,141.64039408867,1,NA,139.790923824959,1,"","",1,1
"Parthenolide","DSEN","freq50",0,0,0,0,0,0,NA,141.64039408867,1,NA,139.790923824959,1,"","",1,1
"Parthenolide","EN","freq50",0,0,0,0,0,0,NA,141.64039408867,1,NA,139.790923824959,1,"","",1,1
"GSK319347A","DSEN","freq50",0,0,0,0,0,0,NA,141.64039408867,1,NA,139.790923824959,1,"","",1,1
"GSK319347A","EN","freq50",0,0,0,0,0,0,NA,141.64039408867,1,NA,139.790923824959,1,"","",1,1
"TGX221","DSEN","freq50",0,0,0,0,0,0,NA,141.64039408867,1,NA,139.790923824959,1,"","",1,1
"TGX221","EN","freq50",12,19,0,2,1,0,0,5.664039408867,1,16.5684387071867,20.0925192262876,0.00791508429513358,"","NF1;PTEN;WWTR1",1,0.0338306022292
"Bortezomib","DSEN","freq50",11,9,0,0,0,0,0,6.15670736060541,1,0,7.35588160027297,1,"","",1,1
"Bortezomib","EN","freq50",3,2,0,0,0,0,0,20.2329345531316,1,0,27.9568881685575,1,"","",1,1
"XMD8-85","DSEN","freq50",4,3,0,0,0,0,0,15.7363619777413,1,0,19.9687427645288,1,"","",1,1
"XMD8-85","EN","freq50",7,17,0,0,1,0,0,9.44116037219485,1,0,3.99245195647141,1,"","MYC",1,1
"Seliciclib","DSEN","freq50",49,14,1,0,0,0,2.96191243613559,4.39017306679801,0.29132759007473,0,4.81881182585369,1,"RET","",0.821295865636207,1
"Seliciclib","EN","freq50",46,33,2,1,1,1,6.48392847557289,8.00176432352122,0.0412984554655219,4.38628403506534,6.46806754221388,0.209378684778827,"HOXA9;RET","ID3;MYC",0.122967311217565,0.436892531231411
"Salubrinal","DSEN","freq50",13,4,2,0,0,0,25.9283341937508,30.9870643190801,0.00361948543581394,0,15.5308842067351,1,"AKT1;SRC","",0.0564213906170997,1
"Salubrinal","EN","freq50",0,0,0,0,0,0,NA,141.64039408867,1,NA,139.790923824959,1,"","",1,1
"Lapatinib","DSEN","freq50",8,10,0,0,4,0,0,8.33024244180431,1,0,6.65516709114764,1,"","ERBB2;ERBB3;KDR;WWTR1",1,1
"Lapatinib","EN","freq50",0,0,0,0,0,0,NA,141.64039408867,1,NA,139.790923824959,1,"","",1,1
"GSK269962A_repl_127","DSEN","freq50",0,0,0,0,0,0,NA,141.64039408867,1,NA,139.790923824959,1,"","",1,1
"GSK269962A_repl_127","EN","freq50",3,7,1,0,0,0,71.0990860703565,85.2602965403624,0.0208517083700367,0,9.31788222582388,1,"MAP2K1","",0.074527470587363,1
