"drug","mse_en","mse_dsen","mse_tglasso","pct_improvement_dsen","pct_improvement_tglasso","winner"
"Tanespimycin",0.0321927669431858,0.0301971221764462,0.0402177928482694,6.19904704141007,-24.9280402621069,"DSEN"
"VX-702",0.00108501046332997,0.00107940382919899,0.00109977962786886,0.516735489699613,-1.3612001946564,"DSEN"
"Motesanib",0.00258533827037053,0.00257914429704109,0.00265342948548985,0.239580769774958,-2.6337449106635,"DSEN"
"KU-55933",0.0018728465230396,0.00181365880279263,0.00196082772380776,3.16030809352756,-4.69772614497892,"DSEN"
"Elesclomol",0.0416438109836041,0.0402516915350908,0.045515261612186,3.34292038992637,-9.29658102162206,"DSEN"
"Afatinib",0.0136151641334491,0.0119827469814119,0.0156377842292588,11.9896986627341,-14.8556423997903,"DSEN"
"Vismodegib",0.000701979695789305,0.000695790864912181,0.000709948019882074,0.881625339628277,-1.13512173365776,"DSEN"
"PLX-4720",0.0060200552648006,0.00646534590161351,0.00785323382458837,-7.39678652813264,-30.4511915448087,"EN"
"BX796",0.00938158218596367,0.00879233943250888,0.0104375770404285,6.28084625572421,-11.2560422488732,"DSEN"
"NU7441",0.00141729796247874,0.00140483364418839,0.00143274474305734,0.879442334662709,-1.08987531115791,"DSEN"
"SL0101",0.00047961390260761,0.000479991241550476,0.000485843733481051,-0.0786755639931279,-1.29892624871173,"EN"
"Doramapimod",0.00151039253203428,0.00151249407706769,0.00155975753095857,-0.13913899789874,-3.26835560142782,"EN"
"JNK Inhibitor VIII",0.000592487864282268,0.000567428712093069,0.000645366769117694,4.22947940369299,-8.92489247851225,"DSEN"
"681640",0.00322503195690063,0.00317025900713667,0.00332790361033565,1.69836920985424,-3.18978710319148,"DSEN"
"Nutlin-3a (-)",0.00364171154473289,0.00363685171736423,0.00388250821548745,0.133448992567489,-6.6121840732507,"DSEN"
"PD173074",0.00372289434124229,0.00351640886855815,0.00382233722342273,5.54636940395247,-2.67111749798563,"DSEN"
"ZM447439",0.00601072673536779,0.00596300669880996,0.00658998615347035,0.793914590677361,-9.63709454123297,"DSEN"
"RO-3306",0.00212450632948139,0.00204006058932715,0.00224759271939137,3.9748406009623,-5.79364665578691,"DSEN"
"MK-2206",0.0168133607657491,0.0165689433427254,0.0180111508740229,1.45370950180055,-7.12403739479526,"DSEN"
"Palbociclib",0.0168701110538526,0.0169853098381321,0.0184313534125037,-0.682857296622192,-9.2544877367275,"EN"
"Dactolisib",0.0195903014680864,0.0194037065261841,0.0209729396713051,0.952486321898995,-7.05776889381253,"DSEN"
"Pictilisib",0.0266504614224311,0.02556840155117,0.0286821792501872,4.06019188227021,-7.6235746749437,"DSEN"
"AZD8055",0.0155184097838863,0.014127717013912,0.0186318231787276,8.9615675145938,-20.0627089901579,"DSEN"
"PD0325901",0.0265542173218913,0.0252318293398002,0.0324183859478786,4.97995465677282,-22.0837562444474,"DSEN"
"SB590885",0.00465561926128401,0.00498498938197053,0.00622905642150456,-7.07467905345165,-33.7965171100912,"EN"
"Selumetinib",0.012886004106541,0.0123451703950018,0.0142859965187577,4.19706300779984,-10.8644417667542,"DSEN"
"AZD6482",0.010521366256429,0.0104051311711605,0.0111778874201755,1.10475277103366,-6.23988508474683,"DSEN"
"CCT007093",0.000654029599287585,0.000652564300609741,0.000711293173596896,0.224041645735934,-8.75550194848772,"DSEN"
"EHT-1864",0.00152164991404481,0.00153875129781283,0.00155650663968395,-1.12387110925939,-2.29071912779758,"EN"
"Avagacestat",0.00167883638682014,0.00163310985562132,0.00173287399926756,2.72370384379325,-3.21875394598588,"DSEN"
"BMS-536924",0.00697671826007175,0.00687606163030983,0.00725991910956063,1.44275038792932,-4.05922726032464,"DSEN"
"Cetuximab",0.00467135688072477,0.00465082899393462,0.00505797284858748,0.43944162936584,-8.27630981178055,"DSEN"
"PF-4708671",0.00184952022155048,0.00184456287497583,0.0018677981533088,0.268034191618306,-0.988252604396912,"DSEN"
"Serdemetan",0.00541727346318786,0.00529779552592777,0.00559766350643987,2.20549946521956,-3.32990469242174,"DSEN"
"HG-5-113-01",0.0109476176308654,0.0101884978418584,0.011661701804696,6.93410945288004,-6.52273579429129,"DSEN"
"HG-5-88-01",0.00962269891871164,0.00913806769223203,0.0100153379139983,5.03633367908072,-4.08034168587734,"DSEN"
"TW 37",0.0211726257691191,0.0206948126259066,0.0221584798619757,2.25674958043892,-4.65626750128697,"DSEN"
"XMD11-85h",0.00142373422729052,0.0013831822314482,0.00149580308868843,2.8482841154626,-5.06196030245496,"DSEN"
"ZG-10",0.012420876268069,0.0117432799655186,0.0141642447440476,5.45530192819272,-14.0357929533552,"DSEN"
"XMD8-92",0.00292504381872825,0.00277200289587069,0.00328099621105312,5.23208992212975,-12.1691302552736,"DSEN"
"QL-VIII-58",0.036603786845368,0.0349559699043486,0.0429539193678386,4.50176630079442,-17.348293905482,"DSEN"
"CCT-018159",0.00363840471266528,0.00362710583983715,0.00394032585470012,0.310544695283584,-8.29817367440882,"DSEN"
"Rucaparib",0.00187893478161658,0.00185139774501912,0.00194749081825758,1.46556638723606,-3.64866504743802,"DSEN"
"GSK269962A",0.0150362517755519,0.0148283686740838,0.0159222281288726,1.38254602657096,-5.89226867537061,"DSEN"
"SB-505124",0.00104904455528063,0.001045294070459,0.00109537117440077,0.35751434986731,-4.41607736172343,"DSEN"
"Tamoxifen",0.000930227005530645,0.000930761516706349,0.000958818072788183,-0.0574602943718161,-3.07355807642117,"EN"
"QL-XII-61",0.00580632137892699,0.00542302523119906,0.00653985018781662,6.60135949620418,-12.6332795072598,"DSEN"
"JQ1",0.00420338188580499,0.00397377582343879,0.00476165739463611,5.46241261450905,-13.281579547089,"DSEN"
"PFI-1",0.00631279016781041,0.00614369502218052,0.0071043278555206,2.678611852048,-12.538634528775,"DSEN"
"IOX2",0.00110592796152512,0.00110588284777741,0.00114391586961669,0.00407926639704196,-3.43493513259065,"DSEN"
"UNC0638",0.00903382876867808,0.00879410507683945,0.010742098109704,2.6536222677786,-18.9096936057588,"DSEN"
"YK-4-279",0.014234879390668,0.0143746347329143,0.0162907950043713,-0.981781007136028,-14.4428031828011,"EN"
"CHIR-99021",0.00281715949241111,0.00266639588233811,0.00300083593135251,5.3516178434032,-6.51991622896005,"DSEN"
"(5Z)-7-Oxozeaenol",0.0244324585886342,0.0224052354509772,0.030530770323223,8.29725395953419,-24.9598775025682,"DSEN"
"Piperlongumine",0.00700516109349702,0.00686713107950804,0.00753522831868324,1.97040456524426,-7.56680992930038,"DSEN"
"Daporinad",0.0990836432512528,0.0926194197268812,0.116365308699604,6.52400670005628,-17.4414917349466,"DSEN"
"Talazoparib",0.0386268838046984,0.0347955414102222,0.0412516533907401,9.91884930155864,-6.79518855135406,"DSEN"
"rTRAIL",0.00935238152446379,0.00917992069928709,0.00962368791332551,1.84403111363219,-2.90093371567489,"DSEN"
"UNC1215",0.000105449729680264,0.000104574134641357,0.00010865759369424,0.830343559496938,-3.04207893533972,"DSEN"
"SGC0946",0.000189177124687828,0.000187735799900097,0.000197132331009264,0.761891687543836,-4.20516293106968,"DSEN"
"XAV939",0.0021321410426755,0.00213009220967498,0.00227954945125533,0.0960927518166848,-6.91363308662056,"DSEN"
"PLX-4720_repl_1371",0.00407261133732324,0.00417583216073306,0.00567177976018145,-2.53451200864315,-39.2664138657846,"EN"
"Trametinib",0.0630775732828775,0.0578337014763616,0.080732873917682,8.31336960760879,-27.9898222393997,"DSEN"
"Dabrafenib",0.0172018317240092,0.0172271807487118,0.0274920418076963,-0.147362357156523,-59.8204322003958,"EN"
"Temozolomide",0.0009612376067112,0.000960606216321057,0.000977327383850129,0.0656851527379664,-1.67386055503789,"DSEN"
"Afatinib_repl_1377",0.0209764097007088,0.0191375978026987,0.023028474326983,8.76609450447551,-9.78272571690311,"DSEN"
"Bleomycin (50 uM)",0.054567368738274,0.050499871024955,0.0615518107327842,7.45408438663825,-12.7996679261011,"DSEN"
"SN-38",0.034472835096459,0.0322269675757995,0.0393227265772819,6.51489067950258,-14.0687340256534,"DSEN"
"Olaparib",0.0033110667737407,0.00313325712124698,0.00348568885388064,5.37016208503819,-5.27389183222842,"DSEN"
"Selumetinib_repl_1498",0.0242393774651699,0.0233663286153461,0.0305850315447961,3.60177917555145,-26.1791132579391,"DSEN"
"Bicalutamide",0.000896285962269611,0.000891631178760159,0.000917526343521985,0.519341338077531,-2.36982192587155,"DSEN"
"Refametinib",0.0226659523789829,0.0202958638834012,0.0295163061213867,10.4566022903118,-30.2231012748258,"DSEN"
"Pictilisib_repl_1527",0.0195336365787173,0.0193128808225803,0.0200777543175274,1.13013137746979,-2.78554244939183,"DSEN"
"Pevonedistat",0.0143195379124747,0.0137532317535782,0.0162187095066107,3.95477956312511,-13.2627994404869,"DSEN"
"Doxorubicin",0.0408342979456531,0.0401117830988931,0.0425604991526672,1.76938231611477,-4.22733166445403,"DSEN"
"Etoposide",0.0476765596366027,0.0460470750865569,0.0514772521292228,3.41778971147658,-7.97182624247534,"DSEN"
"Gemcitabine",0.0914793289511101,0.0882308433944861,0.100065705295234,3.55105966984095,-9.38613831405864,"DSEN"
"Mitomycin-C",0.0430801560452443,0.0428150153097857,0.0460211866128096,0.615459087892209,-6.82688002447466,"DSEN"
"Vinorelbine",0.0310646725740386,0.0302809938266442,0.0326315625544614,2.52273300330658,-5.04396103544412,"DSEN"
"NSC-87877",0.00116535381744652,0.00115858411281901,0.00119569767315121,0.580914098890886,-2.6038320079629,"DSEN"
"Bicalutamide_repl_150",9.50773427515649e-05,9.23329793808004e-05,9.9540836359599e-05,2.88645358751291,-4.69459229597646,"DSEN"
"QS11",0.00715691888203361,0.00713816102127145,0.00737800336814344,0.262094080865561,-3.08910146606286,"DSEN"
"CP466722",0.0121935498985161,0.0112139040106474,0.0164984848308767,8.03413194698878,-35.3050175559169,"DSEN"
"Midostaurin",0.00676395013750186,0.00675833755883525,0.00688254826068945,0.082977824385362,-1.75338553325574,"DSEN"
"CHIR-99021_repl_154",0.00135477932694113,0.00134684313227158,0.00142990577539526,0.585792424768429,-5.54529043661695,"DSEN"
"Ponatinib",0.0193710128529999,0.015696484781486,0.0234739049126287,18.969209815711,-21.1805757952063,"DSEN"
"AZD6482_repl_156",0.0113510754875245,0.0110419571288586,0.0118973500016254,2.72325172187991,-4.81253529413392,"DSEN"
"JNK-9L",0.0167535903281805,0.0168512830444866,0.0176546215489531,-0.583115107821256,-5.3781380774067,"EN"
"PF-562271",0.00335982895166538,0.00333675974701766,0.00346258226653043,0.686618425508999,-3.05829006009719,"DSEN"
"HG6-64-1",0.0268010597222382,0.0249884507654813,0.0314807336992903,6.76319882699596,-17.4607796316693,"DSEN"
"JQ1_repl_163",0.0252868492876142,0.0244120786892727,0.0268527956951004,3.45938945730962,-6.19273041759781,"DSEN"
"JQ12",0.0261829882661656,0.0252850012635625,0.0275656794407309,3.42965819437618,-5.28087611891134,"DSEN"
"DMOG",0.035796306179342,0.0331503169590679,0.0424710167756665,7.39179402203542,-18.6463669264748,"DSEN"
"FTI-277",0.000848105342610962,0.000833771035938771,0.000898364056359958,1.69015639355149,-5.92599895601063,"DSEN"
"OSU-03012",0.0150452780849826,0.0149373165937324,0.016647276236142,0.717577240117362,-10.6478467337764,"DSEN"
"Shikonin",0.0314160572346138,0.0307776759152623,0.0345254920491896,2.03202239728586,-9.89759724256508,"DSEN"
"AKT inhibitor VIII",0.00301241259642181,0.00301890273642379,0.00331113441839644,-0.215446582904653,-9.91636478779357,"EN"
"Embelin",0.0106387461569014,0.010192957199949,0.0114754438309236,4.19023962389792,-7.86462673027902,"DSEN"
"FH535",0.0217595075944252,0.0216220592021802,0.0231909925742316,0.631670508390624,-6.57866440035227,"DSEN"
"PAC-1",0.0044959261472974,0.00416089309622079,0.00519252383639283,7.4519251451229,-15.4939753517564,"DSEN"
"IPA-3",0.0123536011556276,0.0117576309090339,0.0143513827601313,4.82426329849746,-16.171653749673,"DSEN"
"GSK650394",0.0154135411136554,0.0151455497124937,0.0159878576376315,1.73867509863958,-3.72605178616154,"DSEN"
"BAY-61-3606",0.0145731485175225,0.0134998728681451,0.0165075092727611,7.3647478997892,-13.2734580513796,"DSEN"
"5-Fluorouracil",0.0269509857686105,0.0241588756180719,0.0343306914545853,10.3599555671561,-27.3819508842228,"DSEN"
"Thapsigargin",0.0615350076023656,0.0611752219262183,0.0648713355236637,0.58468454001372,-5.42183718064551,"DSEN"
"Obatoclax Mesylate",0.0488491580349073,0.0473852472834513,0.0553869136221909,2.99679832845819,-13.3835583872536,"DSEN"
"BMS-754807",0.0337424085248395,0.0335027127639108,0.036997958389605,0.710369447255811,-9.64824387793457,"DSEN"
"Linsitinib",0.0138650399803667,0.0135557863024351,0.0149546876270587,2.23045644563242,-7.8589578409797,"DSEN"
"Bexarotene",0.00472998990826434,0.00471039873714834,0.00485830865103602,0.414190547886158,-2.71287561412084,"DSEN"
"Bleomycin",0.0788757615368962,0.0779986316740413,0.0833467489512017,1.11203980255025,-5.66839207278409,"DSEN"
"LFM-A13",0.000621358014091391,0.000619872956339106,0.000649106630564976,0.23900194712327,-4.46580165448766,"DSEN"
"GW-2580",0.00134182631607022,0.00134076939992466,0.00135331115911007,0.078766985928219,-0.855911298079572,"DSEN"
"Luminespib",0.0286033134474623,0.0282599600486667,0.0297682395140945,1.20039728762985,-4.07269622371513,"DSEN"
"Phenformin",0.0386342273750493,0.0365680962422648,0.0448989199163384,5.34792921501219,-16.2153949151704,"DSEN"
"Bryostatin 1",0.00144910770102019,0.00143590874554717,0.00148794085645592,0.910833298569028,-2.67979774094022,"DSEN"
"Pazopanib",0.00748750506701208,0.00741517503364619,0.00763447119481039,0.966009808588394,-1.96281840857515,"DSEN"
"Dacinostat",0.02765206352664,0.0261323461488323,0.0316770924351424,5.49585522376514,-14.5559802602966,"DSEN"
"Epothilone B",0.0435859776668126,0.0429947070671895,0.045739585437931,1.35656151651111,-4.94105647366999,"DSEN"
"GSK1904529A",0.000477240936981939,0.000465275988065661,0.000508197701233148,2.50710867176317,-6.48661123812615,"DSEN"
"BMS-345541",0.00747907441038767,0.00707917215010233,0.00956820799360716,5.34694854392566,-27.9330498479584,"DSEN"
"Tipifarnib",0.0369118292242239,0.0374529251943938,0.0393802926548379,-1.46591480710146,-6.68745895961732,"EN"
"Avagacestat_repl_205",0.000189075070004631,0.000189260578084329,0.000193011372353795,-0.0981134528700511,-2.08187274454934,"EN"
"Ruxolitinib",0.00489309709872542,0.00450726572579398,0.00506487758452014,7.885217994794,-3.51066987490329,"DSEN"
"AS601245",0.0075315827657025,0.00748179039363181,0.00817463439304907,0.661114318459538,-8.5380675928427,"DSEN"
"Ispinesib Mesylate",0.0194360362924191,0.0184414629405224,0.02232595737398,5.11716142598801,-14.8688808668674,"DSEN"
"TL-2-105",0.00856264210122032,0.00789897451282074,0.0101893949962918,7.75073371693296,-18.9982586664417,"DSEN"
"AT-7519",0.0427347521682346,0.0386700711512204,0.0582207954553875,9.51141825045037,-36.2375876808382,"DSEN"
"TAK-715",0.00392612939779277,0.00374782488081899,0.00474937898992875,4.54148345375526,-20.9684783338726,"DSEN"
"BX-912",0.022408999309787,0.0209575029164234,0.0323942312581912,6.47729232929053,-44.5590265337873,"DSEN"
"ZSTK474",0.0333952880045679,0.0311454526198143,0.0385989587478003,6.7369845244211,-15.5820508046543,"DSEN"
"AS605240",0.029923065026326,0.0299493961322123,0.0320348755942355,-0.0879960186669877,-7.05746742872614,"EN"
"Genentech Cpd 10",0.0230255393334663,0.0215380668952333,0.0265200540885613,6.46009814011629,-15.1766901286691,"DSEN"
"GSK1070916",0.0427432652631418,0.0374944302255141,0.0561905596419511,12.2799112452315,-31.4606155987926,"DSEN"
"AKT inhibitor VIII_repl_228",0.0162942030380117,0.0147527395396911,0.0222098096639406,9.46019571945078,-36.3049767584751,"DSEN"
"Enzastaurin",0.0221074525182758,0.0219975730087708,0.0247605322911204,0.497024745000201,-12.0008389508079,"DSEN"
"GSK429286A",0.00466116215607232,0.00460329954243878,0.00515841848259574,1.24137740108784,-10.6680761122121,"DSEN"
"FMK",0.000956834471056511,0.000932644766986765,0.00100098933987506,2.52809705350983,-4.61468207450704,"DSEN"
"QL-XII-47",0.0340378250640351,0.0332748032912007,0.0381440411394381,2.24168780290436,-12.0636852315858,"DSEN"
"Idelalisib",0.0100885512757969,0.00907141775555481,0.0111739072714972,10.0820572987745,-10.7582938920491,"DSEN"
"UNC0638_repl_245",0.0150180146211391,0.0140212912522906,0.0195478732619963,6.63685176764663,-30.16283280535,"DSEN"
"Cabozantinib",0.0100001460174185,0.00876606632709525,0.0113946858312395,12.3406167087331,-13.9451945140797,"DSEN"
"WZ3105",0.0252439405413105,0.0230272969290122,0.0325016061544987,8.78089380962876,-28.7501295659898,"DSEN"
"XMD14-99",0.00167437532052356,0.00148154121842911,0.00191295491958649,11.5167788088368,-14.2488721697312,"DSEN"
"Quizartinib",0.00643279254705906,0.00617225177441016,0.00656659294849558,4.05019702940698,-2.07997382874862,"DSEN"
"CP724714",0.00300102987715741,0.00287374053909697,0.00289827275416781,4.24152185319159,3.4240619785809,"DSEN"
"JW-7-24-1",0.0226371581502502,0.0208933019481193,0.0286906824822556,7.70351203342909,-26.7415383672552,"DSEN"
"NPK76-II-72-1",0.0175960582690285,0.0153029848188342,0.0229253991121386,13.0317450370713,-30.2871288650509,"DSEN"
"STF-62247",0.00148170292188836,0.00139908929189681,0.00169117409457734,5.57558662881375,-14.1371910384046,"DSEN"
"NG-25",0.0219534262047255,0.0171391506147919,0.0305406048772403,21.9294954010291,-39.1154373464785,"DSEN"
"TL-1-85",0.0157973240288686,0.0123284412756342,0.0235909637437341,21.9586731708183,-49.3351893056262,"DSEN"
"VX-11e",0.0117522961608173,0.0114915845058632,0.0128318213016881,2.21838908232525,-9.18565296601346,"DSEN"
"FR-180204",0.00140417374977492,0.00137591142486332,0.00143354924309948,2.01273702176318,-2.09201271062565,"DSEN"
"Tubastatin A",0.00537303260531307,0.00476033002163868,0.00667319302552044,11.4032917475417,-24.19788815206,"DSEN"
"Zibotentan",0.000184807332385612,0.000184807332385612,0.000187748837689588,0,-1.59166049636947,"EN"
"Sepantronium bromide",0.0603056059096046,0.0578061890032335,0.0661158917782012,4.14458468441162,-9.63473591046569,"DSEN"
"NSC-207895",0.0073278486934947,0.00718446653584814,0.00774901761483799,1.95667464823404,-5.74751115859124,"DSEN"
"VNLG/124",0.00309572153868684,0.00287888736146879,0.00379453422382132,7.00431787899205,-22.5734994702045,"DSEN"
"AR-42",0.0353967114278497,0.0324718300098774,0.0458000574497396,8.26314451254655,-29.3907134370248,"DSEN"
"CUDC-101",0.0381734603541506,0.0357117442356237,0.0483645490461754,6.44876334418878,-26.69679038127,"DSEN"
"Belinostat",0.0454686618635747,0.0422061108823524,0.0559565490614179,7.17538376434156,-23.0661883767579,"DSEN"
"I-BET-762",0.016293448166895,0.0143267476759673,0.0264638794495502,12.0704989562838,-62.4203739962144,"DSEN"
"CAY10603",0.0362820024463422,0.0331525952847039,0.0468165201621653,8.62523276179811,-29.0351055772148,"DSEN"
"Linifanib",0.00685879135857141,0.00670617324446118,0.00702241450570052,2.22514589133119,-2.3855973826151,"DSEN"
"BIX02189",0.00548187292090532,0.00473009500380426,0.00667733010964081,13.7138880807347,-21.8074589831619,"DSEN"
"Alectinib",0.00853070323087053,0.00792564673685709,0.00878677423007109,7.0926918641817,-3.00175720887701,"DSEN"
"Pelitinib",0.0292863015255659,0.0287855481006832,0.0331908279084059,1.70985545732213,-13.3322617723904,"DSEN"
"Omipalisib",0.0432279701319115,0.0413475834177656,0.0504782113430386,4.34993063150511,-16.7721065527777,"DSEN"
"KIN001-236",0.00108353754969867,0.000927090893377175,0.00122852136780167,14.4385080484753,-13.3805993288668,"DSEN"
"KIN001-244",0.0115304702156639,0.0104723959528595,0.0145218830496848,9.1763323005425,-25.9435459098375,"DSEN"
"WHI-P97",0.00316498302895885,0.00312609380487766,0.00327037220230256,1.22873404771409,-3.32984955620373,"DSEN"
"KIN001-260",0.00406136512962695,0.00346058491220858,0.0051199041061364,14.7925684651149,-26.063624981354,"DSEN"
"KIN001-266",0.00493696293739668,0.00491997853799976,0.00525111335951161,0.344025256261606,-6.36323233734027,"DSEN"
"Masitinib",0.00962346390074181,0.00875871250944349,0.0123261436919304,8.98586413600681,-28.0842721400998,"DSEN"
"Amuvatinib",0.0233940174325252,0.022878844367704,0.0243321425014469,2.20215730926549,-4.01010673616668,"DSEN"
"MPS-1-IN-1",0.00872653033358416,0.0072177098803569,0.0097726311075068,17.2900384866657,-11.9875911036109,"DSEN"
"NVP-BHG712",0.0211161483147326,0.0179560483167706,0.0267392834741399,14.9653239353183,-26.6295494594726,"DSEN"
"OSI-930",0.00367162232316156,0.00340953165419121,0.00395336512110374,7.13827964594869,-7.67352339495467,"DSEN"
"OSI-027",0.0664521097760264,0.0629558979240662,0.082394080646814,5.26125034064986,-23.9901651347402,"DSEN"
"CX-5461",0.0303337100373617,0.0260845084150649,0.0364457916622826,14.0081830315616,-20.1494694100811,"DSEN"
"PHA-793887",0.0356566851312723,0.0314531096853938,0.0497385646138922,11.7890247800736,-39.4929574377893,"DSEN"
"PI-103",0.0586975957178331,0.0564777195988334,0.0744114024101387,3.78188593902709,-26.7707842206074,"DSEN"
"PIK-93",0.0294463576900184,0.0228254099983954,0.0382569131158415,22.4847764240375,-29.9206968772565,"DSEN"
"SB52334",0.00811924228969814,0.00782572232590538,0.00836611994362317,3.61511522035971,-3.04064893146831,"DSEN"
"TPCA-1",0.0230358788609607,0.0187118193803924,0.029064132048894,18.7709768169356,-26.1689741655548,"DSEN"
"Fedratinib",0.0175516076596011,0.0159066730130386,0.0239154659818894,9.37198847230775,-36.2579795863152,"DSEN"
"WIKI4",0.0210859300865235,0.0200381107143965,0.0248192014078714,4.96928220774422,-17.7050350922577,"DSEN"
"Y-39983",0.00856771632374507,0.00792674724171298,0.0103948055455882,7.48121270373612,-21.3252768042685,"DSEN"
"YM201636",0.00753484679553434,0.00658214019772474,0.00852503546962021,12.6440075513445,-13.1414572977479,"DSEN"
"Tivozanib",0.00174165133791081,0.00158231062073211,0.00178442582501036,9.14882983237256,-2.45597302792302,"DSEN"
"GSK690693",0.0248984025763746,0.0232671157893161,0.0309549054401666,6.55177287801742,-24.3248652005444,"DSEN"
"QL-XI-92",0.00537739669913967,0.00493428966656789,0.00677544230668792,8.24017749411482,-25.998558145653,"DSEN"
"XMD13-2",0.00687879745078353,0.00614772361725737,0.0084396475879677,10.6279308085004,-22.6907413447154,"DSEN"
"QL-X-138",0.0305679134308724,0.0275252184854697,0.03742550497488,9.95388498558654,-22.4339536930306,"DSEN"
"XMD15-27",0.000786447870915692,0.000771490394663147,0.000813890222307746,1.90190307656748,-3.48940500787444,"DSEN"
"T0901317",0.00462387732491282,0.00448481131130794,0.00487789069792627,3.0075627840646,-5.49351453692036,"DSEN"
"Selisistat",0.000243454103252557,0.000243454003835945,0.000252219962758245,4.08358744662006e-05,-3.60062097478571,"DSEN"
"THZ-2-49",0.0474794169619768,0.0427482733792192,0.0559150922838825,9.96462021963426,-17.7670153967166,"DSEN"
"KIN001-270",0.000850600509007119,0.00080678794067746,0.000975470966029625,5.15078087371475,-14.6802706676326,"DSEN"
"AICA Ribonucleotide",0.0115383862968197,0.0106443905512132,0.0141301868495809,7.74801365293958,-22.4624179333948,"DSEN"
"Camptothecin",0.0428494955962524,0.0405096877346998,0.0492003792748328,5.46052603185659,-14.8213732512077,"DSEN"
"Vinblastine",0.0335845838268718,0.0323995236858699,0.0392072811078958,3.52858367133823,-16.7418995275003,"DSEN"
"Cisplatin",0.00618795074783223,0.00597492290652487,0.00660420848330845,3.44262341425372,-6.72690770239313,"DSEN"
"Cytarabine",0.0306003100714139,0.0289432204765148,0.0332335381074906,5.41527060030388,-8.60523318205393,"DSEN"
"Docetaxel",0.0186396133750115,0.0166590643394358,0.0215469938820381,10.6254834568127,-15.5978584347907,"DSEN"
"Methotrexate",0.0172048363421,0.0149786387532436,0.0243083638782466,12.9393709105441,-41.2879692366754,"DSEN"
"Tretinoin",0.0110907191663181,0.0107040166946942,0.0120435963615788,3.48672133722667,-8.59166282160074,"DSEN"
"Gefitinib",0.00489871200110482,0.00404651788063099,0.00528570188401621,17.3962894793903,-7.89982923723852,"DSEN"
"Navitoclax",0.0304771781561346,0.0282412381446065,0.0366362369912407,7.33644040164538,-20.208756872284,"DSEN"
"Vorinostat",0.0169707775590949,0.0154709881345816,0.0220856251887482,8.83748207346894,-30.1391472007844,"DSEN"
"Nilotinib",0.00968717296524351,0.00771914671709674,0.0164535682896638,20.3157954875775,-69.8490194063568,"DSEN"
"Refametinib_repl_1014",0.0273062198225003,0.0263196109842175,0.0342252400266207,3.6131286010883,-25.3386233945833,"DSEN"
"CI-1040",0.0209529003167445,0.0195399419260148,0.0245353803835543,6.74349788988655,-17.0977765018376,"DSEN"
"Temsirolimus",0.0312977419305334,0.0304144121988512,0.0342586615163669,2.82234332956921,-9.46048948964237,"DSEN"
"Olaparib_repl_1017",0.00179565634676234,0.00176922555468158,0.00186865600545161,1.471929310328,-4.06534684773577,"DSEN"
"Veliparib",0.000425801512026815,0.000421952256820796,0.000439604953362215,0.904002239845642,-3.2417548894309,"DSEN"
"Bosutinib",0.00894622468726361,0.00804999129853376,0.0095637617303553,10.018006701819,-6.90276697354643,"DSEN"
"Lenalidomide",0.000981899590738237,0.000981622711024487,0.00101816355819295,0.02819837347542,-3.69324600975219,"DSEN"
"Axitinib",0.00686571293328049,0.00636415167288916,0.0081277699465963,7.3053048571269,-18.3820242060833,"DSEN"
"AZD7762",0.0258540400892153,0.0236168680833058,0.0322962455192455,8.65308477201097,-24.9175966611017,"DSEN"
"GW441756",0.00503185807927945,0.00499970661312224,0.00505185249661196,0.638958127408361,-0.397356543397833,"DSEN"
"Lestauritinib",0.0286275419392055,0.0268806506019054,0.0357854448332184,6.10213528290296,-25.003553952392,"DSEN"
"SNX-2112",0.0531887960529019,0.0469316006442209,0.0692317221384665,11.7641230353429,-30.1622282813249,"DSEN"
"THZ-2-102-1",0.0705808360629076,0.0652282378212832,0.0879145986231966,7.58364244488931,-24.5587379339623,"DSEN"
"SB216763",0.000691454860642289,0.00068130835347933,0.00073599433497366,1.46741425080646,-6.44141459791006,"DSEN"
"Erlotinib",0.00378240671366121,0.00381195332178906,0.00427975790545641,-0.781158938332424,-13.1490669683638,"EN"
"Rapamycin",0.0455823438005854,0.044040236388504,0.0547643939360369,3.38312443701412,-20.1438745133891,"DSEN"
"Sunitinib",0.0220516785214619,0.0191266172663737,0.0296003274753159,13.2645741785206,-34.2316297895747,"DSEN"
"PHA-665752",0.00138612221185996,0.0013617812093473,0.00140418293496836,1.75605024610335,-1.30296758495525,"DSEN"
"MG-132",0.0146231863149554,0.0134031490254026,0.0165876637673452,8.34316997182102,-13.4339904455754,"DSEN"
"Paclitaxel",0.0345517684515201,0.0335077425586086,0.0375089583440474,3.02162795046623,-8.55872224507569,"DSEN"
"Cyclopamine",0.00146375899315558,0.00145625848884222,0.00160782404426859,0.512413884282306,-9.84212918838734,"DSEN"
"AZ628",0.0251307170627777,0.0235717674095804,0.0293711356222924,6.20336319613551,-16.8734483338535,"DSEN"
"Sorafenib",0.0171382840273768,0.0158860021223379,0.0182932370005192,7.3069270122872,-6.73902341271432,"DSEN"
"Tozasertib",0.0386117227107989,0.0347968441748013,0.0435598301902157,9.88010445576586,-12.8150394026136,"DSEN"
"Imatinib",0.00762495541959228,0.0067193812373954,0.0100967226097545,11.8764521543301,-32.4168084158371,"DSEN"
"NVP-TAE684",0.026996886128683,0.025138919355499,0.0299406203070159,6.88215212794483,-10.9039767190236,"DSEN"
"Crizotinib",0.00549414304322656,0.00489078096758484,0.00638501247071961,10.9819142110902,-16.2148932141721,"DSEN"
"Saracatinib",0.00665253191822843,0.00630405788336637,0.00713867241686803,5.23821665413157,-7.30760114517511,"DSEN"
"S-Trityl-L-cysteine",0.0168807135061401,0.016322547488955,0.0205271999683894,3.30653095310263,-21.601494871191,"DSEN"
"Z-LLNle-CHO",0.00805362945836515,0.00765110116624647,0.012649156737429,4.99809799047286,-57.0615683627034,"DSEN"
"Dasatinib",0.0644228029306228,0.0566045843922563,0.0706622087214012,12.1357938225475,-9.68508898549113,"DSEN"
"GNF-2",0.00323736294095815,0.00250166892106271,0.00351631714435897,22.7251016741947,-8.61671083805817,"DSEN"
"CGP-60474",0.014592421648643,0.014198389938062,0.0171387043303078,2.70024893789745,-17.4493496896835,"DSEN"
"CGP-082996",0.00266037941132944,0.00250319357718812,0.00299720572666331,5.90839913554929,-12.6608375444295,"DSEN"
"A-770041",0.0330535838651078,0.0326052549825084,0.0352999069122633,1.35636996105789,-6.79600450082138,"DSEN"
"WH-4-023",0.044550449895806,0.0380105275905322,0.0480976330142729,14.6798120346019,-7.96217126148672,"DSEN"
"WZ-1-84",0.00315899066766918,0.00301687303490239,0.00321119654685837,4.49883040875361,-1.65261264376288,"DSEN"
"BI-2536",0.0236945927676779,0.0242014119968504,0.0259061267033771,-2.1389657722409,-9.33349628492448,"EN"
"BMS-536924_repl_62",0.0240846822833351,0.0241680927915103,0.0251578301674468,-0.346321812320161,-4.4557278002967,"EN"
"BMS-509744",0.00415268712457694,0.00414810012856329,0.00422754260943591,0.110458502556157,-1.80257945309557,"DSEN"
"CMK",0.00595568199848979,0.00576226233341873,0.00647778713180154,3.24764930565645,-8.76650454883492,"DSEN"
"Pyrimethamine",0.0118153352637331,0.0110346211779162,0.0135586247111318,6.60763379447457,-14.7544645030064,"DSEN"
"JW-7-52-1",0.0471632024955502,0.0449258522062457,0.068427880812295,4.7438472599811,-45.087435101022,"DSEN"
"A-443654",0.0176136978941067,0.0173546565302035,0.0186192543446309,1.47068131553382,-5.70894571128442,"DSEN"
"GW843682X",0.0395102013578125,0.0386097226162865,0.0442056666202711,2.27910440994992,-11.8841845930764,"DSEN"
"Entinostat",0.029052488136054,0.0289175838846574,0.0314007627191638,0.464346636215244,-8.08286908891497,"DSEN"
"Parthenolide",0.00398335452725107,0.00395953112658448,0.00430629203637926,0.598073822041394,-8.10717466695214,"DSEN"
"GSK319347A",0.000346800821929366,0.000341155514082667,0.000394636891851429,1.62782424081129,-13.7935284166673,"DSEN"
"TGX221",0.00440317975079765,0.00372907135467841,0.00528335216820668,15.3095815812907,-19.9894727724796,"DSEN"
"Bortezomib",0.0308202967067919,0.0294071648370775,0.0359386684972973,4.5850689990372,-16.6071463853801,"DSEN"
"XMD8-85",0.0065189232296706,0.0066376568032081,0.00771900250379336,-1.82136787555788,-18.4091640880299,"EN"
"Seliciclib",0.00189380184559638,0.00179520008902767,0.0020415542003204,5.20655087531923,-7.80189094585506,"DSEN"
"Salubrinal",0.00433745012740484,0.00429906572746556,0.00490812189838243,0.88495311327638,-13.1568491674861,"DSEN"
"Lapatinib",0.00282336462240331,0.00273035107384898,0.00309443249902923,3.29442211665721,-9.6008809657458,"DSEN"
"GSK269962A_repl_127",0.0196804215685319,0.0187864799519027,0.0209396278030565,4.54228896223732,-6.39826860486573,"DSEN"
